CREATE DATABASE  IF NOT EXISTS `DBProject` /*!40100 DEFAULT CHARACTER SET utf8mb4 COLLATE utf8mb4_0900_ai_ci */ /*!80016 DEFAULT ENCRYPTION='N' */;
USE `DBProject`;
-- MySQL dump 10.13  Distrib 8.0.31, for Win64 (x86_64)
--
-- Host: 203.234.62.186    Database: DBProject
-- ------------------------------------------------------
-- Server version	8.0.31-0ubuntu0.20.04.1

/*!40101 SET @OLD_CHARACTER_SET_CLIENT=@@CHARACTER_SET_CLIENT */;
/*!40101 SET @OLD_CHARACTER_SET_RESULTS=@@CHARACTER_SET_RESULTS */;
/*!40101 SET @OLD_COLLATION_CONNECTION=@@COLLATION_CONNECTION */;
/*!50503 SET NAMES utf8 */;
/*!40103 SET @OLD_TIME_ZONE=@@TIME_ZONE */;
/*!40103 SET TIME_ZONE='+00:00' */;
/*!40014 SET @OLD_UNIQUE_CHECKS=@@UNIQUE_CHECKS, UNIQUE_CHECKS=0 */;
/*!40014 SET @OLD_FOREIGN_KEY_CHECKS=@@FOREIGN_KEY_CHECKS, FOREIGN_KEY_CHECKS=0 */;
/*!40101 SET @OLD_SQL_MODE=@@SQL_MODE, SQL_MODE='NO_AUTO_VALUE_ON_ZERO' */;
/*!40111 SET @OLD_SQL_NOTES=@@SQL_NOTES, SQL_NOTES=0 */;

--
-- Temporary view structure for view `calc`
--

DROP TABLE IF EXISTS `calc`;
/*!50001 DROP VIEW IF EXISTS `calc`*/;
SET @saved_cs_client     = @@character_set_client;
/*!50503 SET character_set_client = utf8mb4 */;
/*!50001 CREATE VIEW `calc` AS SELECT 
 1 AS `xw`,
 1 AS `nw`,
 1 AS `xsw`,
 1 AS `nsw`,
 1 AS `xsa`,
 1 AS `nsa`,
 1 AS `xsp`,
 1 AS `nsp`*/;
SET character_set_client = @saved_cs_client;

--
-- Table structure for table `customer`
--

DROP TABLE IF EXISTS `customer`;
/*!40101 SET @saved_cs_client     = @@character_set_client */;
/*!50503 SET character_set_client = utf8mb4 */;
CREATE TABLE `customer` (
  `custid` varchar(30) NOT NULL,
  `name` varchar(30) NOT NULL,
  `age` int NOT NULL,
  `gender` varchar(30) NOT NULL,
  PRIMARY KEY (`custid`)
) ENGINE=InnoDB DEFAULT CHARSET=utf8mb4 COLLATE=utf8mb4_0900_ai_ci;
/*!40101 SET character_set_client = @saved_cs_client */;

--
-- Dumping data for table `customer`
--

LOCK TABLES `customer` WRITE;
/*!40000 ALTER TABLE `customer` DISABLE KEYS */;
INSERT INTO `customer` VALUES ('jsb','장승빈',22,'남성'),('jsb1','장승빈',22,'남성'),('jsb2','장승빈',22,'남성'),('안녕','이름',10,'남성');
/*!40000 ALTER TABLE `customer` ENABLE KEYS */;
UNLOCK TABLES;

--
-- Table structure for table `foods`
--

DROP TABLE IF EXISTS `foods`;
/*!40101 SET @saved_cs_client     = @@character_set_client */;
/*!50503 SET character_set_client = utf8mb4 */;
CREATE TABLE `foods` (
  `name` varchar(30) NOT NULL,
  `maincategory` varchar(30) NOT NULL,
  `country` varchar(30) NOT NULL,
  `ingredient` int NOT NULL,
  `water` float DEFAULT NULL,
  `Sugar` float DEFAULT NULL,
  `Na` float DEFAULT NULL,
  `spicy` float DEFAULT NULL,
  PRIMARY KEY (`name`),
  KEY `ingredients` (`ingredient`),
  CONSTRAINT `ingredients` FOREIGN KEY (`ingredient`) REFERENCES `ingredients` (`id`)
) ENGINE=InnoDB DEFAULT CHARSET=utf8mb4 COLLATE=utf8mb4_0900_ai_ci;
/*!40101 SET character_set_client = @saved_cs_client */;

--
-- Dumping data for table `foods`
--

LOCK TABLES `foods` WRITE;
/*!40000 ALTER TABLE `foods` DISABLE KEYS */;
INSERT INTO `foods` VALUES ('가오리찜','찜류','한',21125,7.57,0.06,1.51,1),('가자미구이','구이류','한',21101,7.36,0,3.15,0),('가지전','구이류','한',10523,7.68,0.84,3.37,0),('가츠동','밥류','일',20902,3,1,4,0),('간장게장','절임류','한',21301,8.28,4.21,10.89,0),('간짜장','면류','중',10523,7.13,1.87,4.18,0),('갈비','구이류','한',20902,2.64,1.35,3.68,1),('갈비찜','찜류','한',20902,7.4,3,4,1),('갈비탕','국물류','한',20901,8.82,0.11,1.99,1),('갈치구이','구이류','한',21102,7.06,0,2.97,0),('갈치찌개','국물류','한',21102,9.1,0.98,0.91,3),('감자국','국물류','한',10201,9.44,0.85,2.15,0),('감자샐러드','무침류','양',10201,7.75,3.75,2.36,0),('감자전','구이류','한',10201,7.35,1.81,2.93,0),('감자탕','국물류','한',20902,8.62,0,3.28,3),('감자튀김','튀김류','양',10201,2,0.5,3.5,0),('계란볶음밥','밥류','중',21001,5.66,0.17,3.18,0),('계란찜','찜류','한',21001,7.1,2.7,3,0),('고구마맛탕','튀김류','한',10202,4.44,15.48,0.38,0),('고구마전','구이류','한',10202,5.22,7.54,0.87,0),('고구마튀김','튀김류','양',10202,5.05,7.72,1.48,0),('고기만두','면류','한',20902,6.48,0.16,2.06,0),('고등어구이','구이류','한',21103,4.59,0,1.26,0),('고추잡채','볶음류','중',10502,7.41,1.05,4.14,3),('고추장삼겹살구이','구이류','한',20902,3.82,5.73,5.1,3),('고추장장어구이','구이류','한',21113,5.5,0.44,3.22,5),('고추장찌개','국물류','한',30101,8.21,0.7,4.91,4),('고추튀김','튀김류','한',10502,6.41,2.3,2.49,2),('곤드레나물밥','밥류','한',10523,6.58,0,0.26,0),('골뱅이무침','무침류','한',21123,7.34,9.46,5.26,6),('골뱅이소면','무침류','한',21123,7.35,3.57,2.81,5),('곰탕','국물류','한',20906,9.49,0,1.24,0),('곱창','구이류','한',20906,3.5,0,3.5,0),('곱창볶음','볶음류','한',20907,7.02,3.27,2.15,6),('곱창전골','국물류','한',20906,8.25,0.38,2.97,7),('광어초밥','밥류','일',21104,6.27,2.57,2.7,0),('군만두','면류','한',10114,5.44,2.77,3.85,0),('그라탕','구이류','양',10201,7,2.16,2.17,0),('기스면','면류','중',20904,8.53,0.05,2.76,0),('김말이튀김','튀김류','한',10205,5.22,NULL,3.93,0),('김밥','밥류','한',21403,6.95,0,3.07,1),('김치국','국물류','한',10801,9.44,0.03,2.08,2),('김치만두','면류','한',10801,6.64,0.35,3.93,2),('김치볶음밥','밥류','한',10801,6.81,7.34,4.7,2),('김치우동','면류','한',10801,8.4,0.27,3.59,4),('김치전','구이류','한',10801,7.04,4.21,2.4,2),('김치전골','국물류','한',10801,8.55,0.79,2.99,4),('김치찌개','국물류','한',10801,8.34,2.34,5.23,3),('깐풍기','튀김류','중',20904,4.82,NULL,3.29,1),('꼬리곰탕','국물류','한',20901,7.9,NULL,1.09,0),('꽁치김치찌개','국물류','한',21125,8.3,0.7,2.49,4),('꽃게탕','국물류','한',21301,9.55,0.95,2.73,3),('낙지덮밥','밥류','한',21205,6.59,2.16,2.12,3),('낙지볶음','볶음류','한',21205,7.99,7.91,5.37,6),('낙지전골','국물류','한',21205,8.7,0,4.84,3),('낙지탕','국물류','한',21205,9.18,0.32,2.84,1),('난자완스','볶음류','중',20902,6.75,0.25,3.52,1),('내장탕','국물류','한',20906,8.72,0.05,2.16,3),('냉면','면류','한',10109,8,1,2,0),('농어초밥','밥류','일',21110,5.96,5.2,4.14,0),('누룽지','구이류','한',10101,9.5,1.11,0.1,0),('단호박샐러드','무침류','양',10523,7,8.65,0.7,0),('달걀국','국물류','한',21001,9.7,0,2.46,0),('달걀말이','구이류','한',21001,6.65,0,4.49,0),('달걀찜 ','찜류','한',21001,8.97,0,2.47,0),('달고기칼국수','면류','한',20904,8.26,0.59,2.36,1),('닭가슴살샐러드','무침류','양',20904,7.7,3.25,0.88,0),('닭갈비','볶음류','한',20904,6.91,5.3,3.84,5),('닭고기덮밥','밥류','한',20904,7.08,1.07,1.53,1),('닭곰탕','국물류','한',20904,8.82,0.3,1.7,0),('닭구이','구이류','한',20904,4.99,0,7.51,0),('닭꼬치','구이류','한',20904,5.04,4.5,4.1,2),('닭날개튀김','튀김류','양',20904,5.48,0,2.69,0),('닭다리튀김','튀김류','양',20904,4.19,3.71,4.1,0),('닭똥집볶음','볶음류','한',20908,4.5,1,3.5,1),('닭모래집튀김','튀김류','한',20908,4.29,1.2,2.15,0),('닭발','국물류','한',20908,2.5,0.5,5.5,7),('닭발구이','구이류','한',20908,5.99,0.31,8.27,5),('닭발볶음','볶음류','한',20908,6.23,6.37,9.74,7),('닭볶음','볶음류','한',20904,6.55,0.77,3.38,3),('닭볶음탕','조림류','한',20904,7.47,0.42,3.76,5),('닭죽','기타','한',20904,8.92,0,1.17,0),('닭찜','찜류','한',20904,8.01,0,2.24,0),('닭튀김','튀김류','양',20904,4.36,0.5,4.15,0),('대구지리탕','국물류','한',21111,8.92,0.25,2.46,0),('더덕구이','구이류','한',10504,5.81,9.15,7.43,4),('도가니탕','국물류','한',20906,9,0,1.5,0),('도넛','제과류','양',10114,1.09,9.92,5.37,0),('도미구이','구이류','한',21125,6.53,0,6.33,0),('돈가스','튀김류','양',20902,4.41,1.83,2.87,0),('돈까스','튀김류','양',20902,4,1.1,4,1),('돌솥비빔밥','밥류','한',10523,6.57,1.24,3.37,1),('동태국','국물류','한',21108,9.52,0,2.24,1),('동태찌개','국물류','한',21108,8.96,0.13,2.73,1),('동파육','찜류','중',20902,6.5,0.5,5.5,0),('돼지갈비찜','찜류','한',20902,6.49,0.13,4.78,1),('돼지고기김치찌개','국물류','한',20902,9.11,0.05,2.07,4),('돼지고기볶음','볶음류','한',20902,6.71,4.1,5.26,6),('돼지고기찌개','국물류','한',20902,8.89,0.13,2.55,3),('돼지등갈비찜','찜류','한',20902,5.83,5.36,5.32,1),('돼지머리국밥','밥류','한',10101,7.16,0.16,1.81,1),('된장국','국물류','한',10201,9.34,0.77,3.57,0),('된장찌개','국물류','한',10302,8.93,0,3.18,1),('두루치기','볶음류','한',20902,4.5,0.5,3.5,3),('두부김치','볶음류','한',10301,7.79,0.59,3.96,4),('두부부침','구이류','한',10301,7.54,0.24,4.29,0),('들깨칼국수','면류','한',10109,8.35,0.23,1.99,0),('떡갈비','구이류','한',20901,6.24,0.4,4.04,0),('떡강정','튀김류','한',10112,4.23,5.34,4.46,1),('떡국','면류','한',10112,7.9,0.08,1.76,0),('떡꼬치','구이류','한',10112,1.5,4.75,3.5,1),('떡만두국','면류','한',10114,7.63,0.01,2.06,0),('떡볶이','볶음류','한',10112,6.63,4.4,3.91,6),('또띠아피자','구이류','양',10113,4.3,1.84,3.94,0),('라면','면류','한',10109,8.15,0,2.83,4),('라볶이','볶음류','한',10112,7.12,0.94,3.11,6),('라자냐','면류','양',10109,7.5,1.92,2.34,0),('라조기','튀김류','중',20904,6.35,0.08,3.24,0),('롤케이크','제과류','양',10114,3.61,17.73,1.43,0),('마늘빵','제과류','양',10114,1.06,7.36,5.19,0),('마파두부','볶음류','중',10301,7.93,2.45,3.52,3),('막국수','면류','한',10109,7.4,8.12,5.13,2),('만두국','면류','한',10114,8.64,0.44,3.38,0),('만둣국','국물류','한',10114,8.5,1,1.5,0),('맛살전','구이류','한',21503,6.45,1.14,5.59,0),('매생이국','국물류','한',21405,9.38,0.08,2.84,0),('매운탕','국물류','한',21501,9.07,0.45,3.68,5),('머핀','제과류','양',10114,2,17.94,4.11,0),('메밀전','구이류','한',10106,5.96,0.3,1.45,0),('모닝빵','제과류','양',10114,2.93,7.97,4.89,0),('모듬초밥','밥류','일',21126,6.29,2.88,3.23,0),('모카빵','제과류','양',10114,2.39,10.01,3.54,0),('문어숙회','찜류','한',21201,7.89,0,2.6,0),('문어초밥','밥류','일',21201,5.97,5.35,4.8,0),('물냉면','면류','한',10109,8.65,4.52,1.61,0),('물만두','면류','한',10114,6.4,2.13,3.32,0),('물회','기타','한',21126,8.26,6.5,3.47,3),('미꾸라지튀김','튀김류','한',21109,3.21,0.3,3.24,0),('미소된장국','국물류','한',30102,9.41,0.47,3.45,0),('미역국','국물류','한',20901,9.43,0,2.94,0),('미트볼스파게티','면류','양',20902,6.52,0.89,2.18,0),('바비큐','구이류','양',20902,3,0.1,0.3,0),('바지락칼국수','면류','한',21116,7.92,0.18,2.72,1),('밥버거','밥류','한',10101,3,2,3.5,1),('베이글','제과류','양',10114,2.85,4.58,6.95,0),('보쌈','찜류','한',20902,6,0,0.3,0),('볶음면','면류','한',10109,4.6,3.54,4.5,4),('볶음밥','밥류','한',10101,5.69,0,2.12,0),('볶음우동','국물류','일',10109,6.95,0.43,2.57,0),('부대찌개','국물류','한',20909,7.62,0.18,2.39,4),('부리또','기타','양',10101,3.5,1.73,0,0),('부추전','구이류','한',10523,6.23,8.28,2.47,0),('북어국','국물류','한',21125,9.35,0.12,2.32,0),('북엇국','국물류','한',21125,8,0.4,1,2),('불고기','볶음류','한',20902,4.5,0.6,4.5,3),('불고기덮밥','밥류','한',20901,6.02,0.07,2.53,1),('불고기버거','제과류','양',20901,5.06,0.13,3.38,0),('불고기피자','구이류','양',20901,4.53,4.6,4.58,0),('불닭볶음면','면류','한',10109,5.5,1,3.5,10),('비빔국수','면류','한',10109,7.46,4.11,2.39,3),('비빔냉면','면류','한',10109,7.74,4.02,1.77,3),('비빔밥','밥류','한',10523,6.89,0.05,2.32,2),('비지찌개','국물류','한',10301,8.02,0.2,5.12,2),('뼈다귀해장국','국물류','한',20902,9.37,0.63,3.46,3),('뼈해장국','국물류','한',20902,7.5,0.8,2.5,2),('사골국','국물류','한',20906,8.89,0,0.75,0),('사골만두국','면류','한',20906,8.22,0.06,3.33,0),('사과파이','제과류','양',10114,5.79,7.11,2.04,0),('사태찜','찜류','한',20901,7.78,0.13,3.02,0),('산적','구이류','한',20902,5.85,0.06,5.86,0),('삼각김밥','밥류','한',21125,6,0.02,2.82,0),('삼겹살','구이류','한',20902,2.5,0,0.3,0),('삼겹살구이','구이류','한',20902,3.3,0,5.76,0),('삼계탕','국물류','한',20904,8,0.45,0.82,0),('삼치구이','구이류','한',21125,6.62,0.22,2.17,0),('새우구이','구이류','한',21302,6.75,0.03,3.3,0),('새우볶음밥','밥류','한',21302,6.41,0.71,1.46,0),('새우초밥','밥류','일',21302,6.01,4.66,4.44,0),('새우탕','국물류','한',21302,9.11,0.06,2.68,2),('새우튀김롤','밥류','일',21302,5.55,3.71,4.64,0),('샌드위치','제과류','양',10523,6.72,0.6,3.58,0),('샐러드','무침류','양',10523,7.98,4.72,0.74,0),('생선가스','튀김류','양',21126,4.26,0.98,3.94,0),('생크림케이크','제과류','양',10114,5.57,11.74,1.51,0),('샤브샤브','국물류','한',20901,9.05,1.49,0.96,1),('선지해장국','국물류','한',20906,9.3,0,3.12,3),('선짓국','국물류','한',20906,9,0,3.15,4),('설렁탕','국물류','한',20906,9.47,0,0.22,0),('소갈비구이','구이류','한',20901,5.61,0.26,4.02,0),('소갈비찜','찜류','한',20901,8.12,0.75,2.72,1),('소고기무국','국물류','한',20901,8.5,0.7,1.5,0),('소보로빵','제과류','양',10114,1.96,13.46,3.96,0),('소불고기','구이류','한',20901,6.79,3.24,4.18,0),('소시지볶음','볶음류','한',20909,5.17,5.83,8.87,1),('소시치야채볶음','볶음류','한',20909,5,2.5,2,0),('소탕','국물류','한',20901,8.9,0.02,2.36,1),('쇠고기전골','국물류','한',20901,8.71,0.05,2.99,1),('수육','찜류','한',20901,6.38,0.11,0.31,0),('수제비','면류','한',10114,8.54,0,1.42,0),('순대','찜류','한',20907,5.62,1.39,6.04,0),('순대국','국물류','한',20907,7.99,0.26,3.3,2),('순대국밥','밥류','한',20902,8.37,0.17,1.26,1),('순대볶음','볶음류','한',20907,6.89,1.35,3.75,5),('순두부찌개','국물류','한',10301,9.26,0.32,1.51,2),('스테이크','구이류','양',20901,6.04,0,1.34,0),('스프','기타','양',10114,7.5,0.8,3,0),('시래기국','국물류','한',10523,7.5,0.4,1.5,0),('시리얼','기타','양',10107,8.5,0.9,0.5,0),('식빵','제과류','양',10114,3.52,1.56,4.68,0),('쌀국수','면류','아',10108,8.67,0.72,2.75,0),('아구탕','국물류','한',21125,8.95,0.3,3.11,0),('아귀찜','찜류','한',21112,8.13,2.73,3.92,0),('안동찜닭','찜류','한',20904,7.9,4.45,3.64,1),('알밥','밥류','한',21126,7.28,2.3,4.3,1),('알탕','국물류','한',21126,9.01,0,2.5,0),('애호박전','구이류','한',10523,7.91,2.32,2.24,0),('야채볶음밥','밥류','한',10523,5.97,0.29,4.08,0),('양념게장','절임류','한',21301,7.31,8.77,8.04,7),('양념치킨','구이류','한',20904,4.61,6.25,4.03,3),('양소이스프','기타','양',10604,9.25,0.2,3.4,0),('양장피','무침류','중',21501,7.33,0.44,4.96,0),('양파링튀김','튀김류','한',10523,2.45,5.43,7.76,0),('어묵','기타','일',21126,6.5,0.7,6,0),('어묵국','국물류','일',21502,9.28,0.07,2.26,0),('어탕','국물류','한',21126,8.69,0,3.23,0),('연어롤','밥류','일',21125,6.25,2.82,4.04,0),('연어초밥','밥류','일',21125,5.87,5.15,4.26,0),('연잎밥','밥류','한',10523,4.81,NULL,1.78,0),('연포탕','국물류','한',21205,8.65,0.02,2.34,1),('열무냉면','면류','한',10523,8.32,3.39,3.94,2),('오겹살','구이류','한',20902,2.5,0,0.3,0),('오돌뼈','구이류','한',20902,2.5,0.6,5.5,7),('오리고기구이','구이류','한',20905,4.88,0,7.08,0),('오리백숙','국물류','한',20905,8.06,0.25,1.61,0),('오리불고기','구이류','한',20905,7.34,6.29,4.67,0),('오리죽','기타','한',20905,6.71,0,0.62,0),('오리탕','국물류','한',20905,7.64,3.58,3.17,0),('오므라이스','밥류','양',21001,6.43,3.19,4.33,0),('오믈렛','밥류','양',21001,4,2,2.5,0),('오삼불고기','구이류','한',21202,6.51,3.8,4.43,5),('오이냉국','국물류','한',21401,9.77,0.69,3.27,0),('오일스파게티','면류','양',10109,6.58,0.35,2.81,0),('오징어국','국물류','한',21202,9.54,0.24,2.57,1),('오징어덮밥','밥류','한',21202,6.81,0.66,1.62,3),('오징어무침','무침류','한',21202,8.46,5.54,1.62,4),('오징어물회','무침류','한',21202,8.8,2.1,3.64,3),('오징어볶음','볶음류','한',21202,7.45,1.93,3.1,4),('오징어순대','찜류','한',21202,6.72,0.11,3.6,0),('오징어찌개','국물류','한',21202,9.05,0.45,2.85,3),('온면','면류','한',10109,8.39,0,1.94,0),('올갱이국','국물류','한',21127,9.34,0.27,3.36,0),('올갱이국수','면류','한',10114,9.05,1.24,2.58,0),('완자전','구이류','한',20902,6.99,2.56,8.59,0),('우동','면류','일',10109,6.4,0.02,1.57,0),('울면','면류','중',21501,8.18,0.05,2.8,0),('유린기','튀김류','중',20904,5.5,1.5,3.5,1),('유부초밥','밥류','일',10301,6.1,2.11,2.55,0),('유산슬','볶음류','중',20902,8.29,2.15,2.11,1),('육개장','국물류','한',20901,9.3,0.76,2.01,3),('육탕','국물류','한',20901,8.78,0,2.38,0),('육회','기타','한',20901,7.39,5.29,4.18,0),('육회비빔밥','밥류','한',20901,6.57,4.45,4.46,2),('잔치국수','면류','한',10109,8.89,0.04,2.16,1),('잡곡밥','밥류','한',10101,6.39,0.32,0.03,0),('잡채','볶음류','한',10204,6.63,0.73,3.6,1),('잡채밥','밥류','중',10204,6.58,0.05,2.27,1),('장어초밥','밥류','일',21113,5.52,5.47,5.08,0),('장어탕','국물류','한',21113,8.68,2.66,3.87,2),('전복죽','기타','한',21124,8.44,0,1.58,0),('제육덮밥','밥류','한',20902,6.2,1.98,1.74,4),('제육볶음','볶음류','한',20902,6.7,0.38,5.01,4),('조개구이','구이류','한',21122,6.76,3.6,4.54,0),('조기구이','구이류','한',21115,6.53,0,13.64,0),('족발','찜류','한',20902,5.62,0,3.45,0),('주꾸미볶음','볶음류','한',21205,7.51,2.53,4.59,6),('쥐포튀김','튀김류','한',21125,2.93,7.96,7.17,0),('짜장','면류','중',10109,6.5,1,2,0),('짜장면','면류','중',10109,7.98,6.07,3.07,0),('짜장밥','밥류','중',10523,7.44,0.03,2.36,0),('짜파게티','면류','한',10109,6.5,1,2,0),('짬뽕','면류','중',10109,8.67,1.57,1.81,4),('짬뽕밥','밥류','중',21501,8.28,1.34,2.34,4),('쫄면','면류','한',10109,7,3.51,2.5,3),('찜닭','찜류','한',20904,7.52,2.7,4,2),('찰밥','밥류','한',10103,6.14,0.49,0.03,0),('참치구이','구이류','한',21125,6.11,0,4.59,0),('참치김치찌개','국물류','한',21125,8.94,0.15,2.64,4),('참치마요덮밥','밥류','한',21125,3.5,4,3.5,0),('참치볶음밥','밥류','한',21125,5.74,0.12,6.31,0),('찹쌀도넛','제과류','중',10103,3.28,9.12,3.12,0),('채소전','구이류','한',10523,6.83,2.06,2.59,0),('채소죽','기타','한',10523,8.91,0.17,2.24,0),('채소튀김','튀김류','한',10523,4.02,NULL,2.79,0),('청국장찌개','국물류','한',10301,8.98,0,2.42,1),('초밥','밥류','일',21126,1,0.5,1,0),('초코소라빵','제과류','양',10114,3.29,9.29,2.15,0),('초콜릿케이크','제과류','양',10114,2.5,17.37,1.7,0),('추어탕','국물류','한',21109,8.94,0,2.46,3),('충무김밥','밥류','한',21403,6.4,4.3,3.24,0),('츄러스','제과류','양',10114,2.27,16.82,3.63,0),('치즈돈가스','튀김류','양',20902,4.6,1.43,3.48,0),('치즈케이크','제과류','양',10114,4.25,12.06,2.01,0),('치즈피자','구이류','양',30202,3.85,3.4,4.75,0),('치킨','튀김류','양',20904,1.5,1,3,1),('치킨가스','튀김류','일',20904,4.55,2.08,3.9,0),('치킨데리야끼','구이류','일',20904,5.8,0.11,2.67,0),('치킨마요덮밥','밥류','기',20904,3.5,2.5,3.5,0),('카레','밥류','기',10101,6.37,0.98,2.49,0),('카레라이스','밥류','한',10523,7.39,0.16,2.1,1),('카스텔라','제과류','양',10114,2.99,18.37,0.63,0),('칼국수','면류','한',10109,8.05,0,2.2,1),('캘리포니아롤','밥류','일',10101,6.16,2.97,4.32,0),('코다리찜','찜류','한',21125,7.56,2.5,6.2,0),('콩국수','면류','한',10301,8.33,0.24,0.67,0),('콩나물국','국물류','한',10519,9.79,0.16,2.19,0),('콩나물국밥','밥류','한',10519,8.68,0,1.72,1),('콩비지찌개','국물류','한',10301,8.52,3.25,2.89,2),('크로아상','제과류','양',10114,2.06,6.1,4.57,0),('크로켓','제과류','양',10523,4.39,3.37,4.03,0),('크림스파게티','면류','양',30203,6.24,2.29,2.58,0),('크림스프','기타','양',30203,9.25,NULL,2.38,0),('탕수육','튀김류','중',20902,5.45,NULL,2.21,0),('탕평채','무침류','한',20901,7.96,0.39,2.6,0),('토마토스파게티','면류','양',10520,7.14,3.12,3.02,0),('토스트','기타','기',10113,5.5,1.2,2.5,0),('튀김','튀김류','양',10114,1.5,0.5,2,0),('팔보채','볶음류','중',10523,7.8,2.09,8.56,1),('팥죽','기타','한',10302,7.93,0.02,1.27,0),('팬케이크','제과류','양',10114,4,1,1.5,0),('페이스트리','제과류','양',10114,1.74,8.21,4.23,0),('페퍼로니피자','구이류','양',20909,4.06,3.75,4.73,0),('포테이토피자','구이류','양',10201,4.8,3.4,4,0),('표고버섯전','구이류','한',10606,6.57,1.89,3.17,0),('피자','구이류','양',10113,4.61,3.24,3.79,0),('피자빵','제과류','양',10114,4.21,8.11,6.37,0),('하이라이스','밥류','일',10523,7.27,0,2.46,1),('한치초밥','밥류','일',21125,6.16,5.25,4.8,0),('함박스테이크','구이류','양',20902,6.9,0.06,1.98,0),('핫도그','튀김류','양',20909,2,0.5,3,0),('해물볶음','볶음류','한',21501,7.65,1.85,4.39,5),('해물완자전','구이류','한',21501,5.71,3.41,5.91,0),('해물찜','찜류','한',21501,8.06,1.1,4.27,6),('해물칼국수','면류','한',21501,8.23,0.42,2.62,1),('해물크림스파게티','면류','양',21501,6.54,1.67,2.65,0),('해물탕','국물류','한',21501,8.84,0.13,3.41,5),('해물토마토스파게티','면류','양',21501,7.28,2.7,3.07,0),('해물파전','구이류','한',21501,6.67,0.82,3,0),('햄김치찌개','국물류','한',20909,9.25,0.04,4.45,4),('햄버거','제과류','양',20901,4.98,3.13,4.5,0),('햄버그스테이크','구이류','양',20901,5.94,2.67,4.75,0),('호떡','제과류','한',10409,2.97,0.73,2.11,0),('호박죽','기타','한',10522,8.9,3.56,0.42,0),('홍어무침','무침류','한',21114,7.48,7.23,4.01,5),('홍어회냉면','면류','한',21114,6.71,2.84,0.99,2),('황태구이','구이류','한',21125,1.23,1.1,5.68,4),('황태해장국','국물류','한',21125,9.3,0.25,2.56,1),('회','기타','일',21126,3,0,0,0),('회냉면','면류','한',21126,7.21,NULL,2.76,3),('회덮밥','밥류','한',21126,6.8,3.07,1.55,2),('회무침','무침류','한',21126,8.02,4.53,2.75,4),('훈제오리','구이류','한',20905,5.06,0.11,4.88,0);
/*!40000 ALTER TABLE `foods` ENABLE KEYS */;
UNLOCK TABLES;

--
-- Table structure for table `ingredients`
--

DROP TABLE IF EXISTS `ingredients`;
/*!40101 SET @saved_cs_client     = @@character_set_client */;
/*!50503 SET character_set_client = utf8mb4 */;
CREATE TABLE `ingredients` (
  `id` int NOT NULL,
  `ingredient` varchar(30) NOT NULL,
  `대분류코드` int NOT NULL,
  `대분류` varchar(30) NOT NULL,
  `중분류코드` int NOT NULL,
  `중분류` varchar(30) DEFAULT NULL,
  PRIMARY KEY (`id`)
) ENGINE=InnoDB DEFAULT CHARSET=utf8mb4 COLLATE=utf8mb4_0900_ai_ci;
/*!40101 SET character_set_client = @saved_cs_client */;

--
-- Dumping data for table `ingredients`
--

LOCK TABLES `ingredients` WRITE;
/*!40000 ALTER TABLE `ingredients` DISABLE KEYS */;
INSERT INTO `ingredients` VALUES (10101,'쌀 ',1,'식물성',1,'곡류'),(10102,'보리',1,'식물성',1,'곡류'),(10103,'찹쌀',1,'식물성',1,'곡류'),(10104,'밀',1,'식물성',1,'곡류'),(10105,'호밀',1,'식물성',1,'곡류'),(10106,'메밀',1,'식물성',1,'곡류'),(10107,'옥수수',1,'식물성',1,'곡류'),(10108,'쌀국수',1,'식물성',1,'곡류'),(10109,'면',1,'식물성',1,'곡류'),(10110,'스파게티',1,'식물성',1,'곡류'),(10111,'마카로니',1,'식물성',1,'곡류'),(10112,'떡',1,'식물성',1,'곡류'),(10113,'빵',1,'식물성',1,'곡류'),(10114,'밀가루',1,'식물성',1,'곡류'),(10115,'또띠아',1,'식물성',1,'곡류'),(10201,'감자',1,'식물성',2,'전분류'),(10202,'고구마',1,'식물성',2,'전분류'),(10203,'마',1,'식물성',2,'전분류'),(10204,'곤약',1,'식물성',2,'전분류'),(10205,'당면',1,'식물성',2,'전분류'),(10301,'콩',1,'식물성',3,'두류'),(10302,'팥',1,'식물성',3,'두류'),(10401,'도토리',1,'식물성',4,'견과류'),(10402,'땅콩',1,'식물성',4,'견과류'),(10403,'밤',1,'식물성',4,'견과류'),(10404,'은행',1,'식물성',4,'견과류'),(10405,'아몬드',1,'식물성',4,'견과류'),(10406,'호두',1,'식물성',4,'견과류'),(10407,'깨',1,'식물성',4,'견과류'),(10408,'도토리묵',1,'식물성',4,'견과류'),(10409,'기타',1,'식물성',4,'견과류'),(10501,'고사리',1,'식물성',5,'채소류'),(10502,'고추',1,'식물성',5,'채소류'),(10503,'당근',1,'식물성',5,'채소류'),(10504,'더덕',1,'식물성',5,'채소류'),(10505,'도라지',1,'식물성',5,'채소류'),(10506,'죽순',1,'식물성',5,'채소류'),(10507,'마늘',1,'식물성',5,'채소류'),(10508,'무',1,'식물성',5,'채소류'),(10509,'배추',1,'식물성',5,'채소류'),(10510,'브로콜리',1,'식물성',5,'채소류'),(10511,'부추',1,'식물성',5,'채소류'),(10512,'상추',1,'식물성',5,'채소류'),(10513,'양상추',1,'식물성',5,'채소류'),(10514,'숙주나물',1,'식물성',5,'채소류'),(10515,'시금치',1,'식물성',5,'채소류'),(10516,'양배추',1,'식물성',5,'채소류'),(10517,'오이',1,'식물성',5,'채소류'),(10518,'우엉',1,'식물성',5,'채소류'),(10519,'콩나물',1,'식물성',5,'채소류'),(10520,'토마토',1,'식물성',5,'채소류'),(10521,'파',1,'식물성',5,'채소류'),(10522,'호박',1,'식물성',5,'채소류'),(10523,'기타채소',1,'식물성',5,'채소류'),(10601,'느타리버섯',1,'식물성',6,'버섯류'),(10602,'목이버섯',1,'식물성',6,'버섯류'),(10603,'송이버섯',1,'식물성',6,'버섯류'),(10604,'양송이버섯',1,'식물성',6,'버섯류'),(10605,'팽이버섯',1,'식물성',6,'버섯류'),(10606,'표고버섯',1,'식물성',6,'버섯류'),(10701,'감',1,'식물성',7,'과일류'),(10702,'귤',1,'식물성',7,'과일류'),(10703,'딸기',1,'식물성',7,'과일류'),(10704,'망고',1,'식물성',7,'과일류'),(10705,'멜론',1,'식물성',7,'과일류'),(10706,'바나나',1,'식물성',7,'과일류'),(10707,'배',1,'식물성',7,'과일류'),(10708,'복숭아',1,'식물성',7,'과일류'),(10709,'블루베리',1,'식물성',7,'과일류'),(10710,'사과',1,'식물성',7,'과일류'),(10711,'수박',1,'식물성',7,'과일류'),(10712,'오렌지',1,'식물성',7,'과일류'),(10713,'파인애플',1,'식물성',7,'과일류'),(10714,'포도',1,'식물성',7,'과일류'),(10801,'김치',1,'식물성',8,'기타'),(20901,'소고기',2,'동물성',9,'육류'),(20902,'돼지고기',2,'동물성',9,'육류'),(20903,'양고기',2,'동물성',9,'육류'),(20904,'닭고기',2,'동물성',9,'육류'),(20905,'오리고기',2,'동물성',9,'육류'),(20906,'소부산물',2,'동물성',9,'육류'),(20907,'돼지부산물',2,'동물성',9,'육류'),(20908,'닭부산물',2,'동물성',9,'육류'),(20909,'햄',2,'동물성',9,'육류'),(21001,'달걀',2,'동물성',10,'난류'),(21002,'메추리알',2,'동물성',10,'난류'),(21101,'가자미',2,'동물성',11,'어패류'),(21102,'갈치',2,'동물성',11,'어패류'),(21103,'고등어',2,'동물성',11,'어패류'),(21104,'광어',2,'동물성',11,'어패류'),(21105,'연어',2,'동물성',11,'어패류'),(21106,'우럭',2,'동물성',11,'어패류'),(21107,'꽁치',2,'동물성',11,'어패류'),(21108,'명태',2,'동물성',11,'어패류'),(21109,'미꾸라지',2,'동물성',11,'어패류'),(21110,'농어',2,'동물성',11,'어패류'),(21111,'대구',2,'동물성',11,'어패류'),(21112,'아귀',2,'동물성',11,'어패류'),(21113,'장어',2,'동물성',11,'어패류'),(21114,'홍어',2,'동물성',11,'어패류'),(21115,'조기',2,'동물성',11,'어패류'),(21116,'바지락',2,'동물성',11,'어패류'),(21117,'굴',2,'동물성',11,'어패류'),(21118,'백합',2,'동물성',11,'어패류'),(21119,'다슬기',2,'동물성',11,'어패류'),(21120,'맛조개',2,'동물성',11,'어패류'),(21121,'홍합',2,'동물성',11,'어패류'),(21122,'키조개',2,'동물성',11,'어패류'),(21123,'골뱅이',2,'동물성',11,'어패류'),(21124,'전복',2,'동물성',11,'어패류'),(21125,'기타생선',2,'동물성',11,'어패류'),(21126,'생선부산물',2,'동물성',11,'어패류'),(21127,'기타패각류',2,'동물성',11,'어패류'),(21201,'문어',2,'동물성',12,'연체류'),(21202,'오징어',2,'동물성',12,'연체류'),(21203,'꼴뚜기',2,'동물성',12,'연체류'),(21204,'갑오징어',2,'동물성',12,'연체류'),(21205,'기타연체류',2,'동물성',12,'연체류'),(21301,'게',2,'동물성 ',13,'갑각류'),(21302,'새우',2,'동물성 ',13,'갑각류'),(21303,'가재',2,'동물성 ',13,'갑각류'),(21401,'미역',2,'동물성',14,'해조류'),(21402,'다시마',2,'동물성',14,'해조류'),(21403,'김',2,'동물성',14,'해조류'),(21404,'파래',2,'동물성',14,'해조류'),(21405,'기타',2,'동물성',14,'해조류'),(21501,'종합해물',2,'동물성',15,'기타'),(21502,'어묵',2,'동물성',15,'기타'),(21503,'맛살',2,'동물성',15,'기타'),(30101,'고추장',3,'기타',1,'소스류'),(30102,'된장',3,'기타',1,'소스류'),(30103,'간장',3,'기타',1,'소스류'),(30201,'우유',3,'기타',2,'유제품류'),(30202,'치즈',3,'기타',2,'유제품류'),(30203,'크림',3,'기타',2,'유제품류');
/*!40000 ALTER TABLE `ingredients` ENABLE KEYS */;
UNLOCK TABLES;

--
-- Table structure for table `restaurants`
--

DROP TABLE IF EXISTS `restaurants`;
/*!40101 SET @saved_cs_client     = @@character_set_client */;
/*!50503 SET character_set_client = utf8mb4 */;
CREATE TABLE `restaurants` (
  `restaurantid` int NOT NULL AUTO_INCREMENT,
  `restaurantname` varchar(50) NOT NULL,
  `mainmenu` varchar(30) NOT NULL,
  `contact` varchar(20) NOT NULL,
  `address` varchar(50) NOT NULL,
  `openingHours` varchar(100) NOT NULL,
  `dayoff` varchar(30) NOT NULL,
  `starRating` float DEFAULT NULL,
  PRIMARY KEY (`restaurantid`)
) ENGINE=InnoDB AUTO_INCREMENT=1001 DEFAULT CHARSET=utf8mb4 COLLATE=utf8mb4_0900_ai_ci;
/*!40101 SET character_set_client = @saved_cs_client */;

--
-- Dumping data for table `restaurants`
--

LOCK TABLES `restaurants` WRITE;
/*!40000 ALTER TABLE `restaurants` DISABLE KEYS */;
INSERT INTO `restaurants` VALUES (1,'진성원','짜장,짬뽕','063-443-5220','전북 군산시 구암3.1로 70-1','10:30 - 19:00','월',0),(2,'양푸니','갈비','063-443-2001','전북 군산시 구영2길 6 양푸니','11:30 - 21:00','월',4.64),(3,'지린성','짜장면,짜장,짬뽕','0507-1369-2905','전북 군산시 미원로 87','09:30 - 16:00','화',4.28),(4,'한소끔','불고기','0507-1438-8181','전북 군산시 백토로 284-8','11:00 - 21:30','-',4.18),(5,'왕산중화요리','짜장면,짜장,짬뽕','0507-1422-1318','전북 군산시 대학로 209 왕산중화요리','10:00 - 18:00','화',4.11),(6,'이성당','치킨,카레','063-445-2772','전북 군산시 중앙로 177 이성당','08:00 - 21:30','-',4.38),(7,'한일옥','김치찌개','-','한일옥, 한식','06:00 - 21:30','-',4.3),(8,'해담','nan','063-465-8789','전북 군산시 은파순환길 174-6 해담 굴비랑 꽃게랑','10:00 - 22:00','-',4.34),(9,'복성루','짜장면,짜장,짬뽕','-','복성루, 중식당','10:00 - 16:00','-',4.26),(10,'카페라파르','nan','0507-1423-8800','전북 군산시 옥도면 장자도2길 31','10:00 - 18:30','-',0),(11,'카페 르락','nan','063-468-5747','전북 군산시 한밭안길 30','10:00 - 22:00','-',0),(12,'빈해원','짜장면,짜장,짬뽕','063-445-2429','전북 군산시 동령길 57','10:00 - 21:00','-',3.67),(13,'올드브릭','스프','0507-1344-5157','전북 군산시 해망로 235','10:00 - 22:00','-',4.34),(14,'째보식당','nan','0507-1315-5312','전북 군산시 구영3길 70 째보식당','11:30 - 22:00','-',4.44),(15,'서래애 물총칼국수','nan','063-445-4454','전북 군산시 구암3.1로 71-9','10:30 - 20:00','월,일',4.53),(16,'진갈비','갈비','063-446-7707','전북 군산시 구영1길 108-7 진갈비','11:30 - 21:30','월,화',0),(17,'요쿠야마치 군산점','nan','0507-1325-7427','전북 군산시 구영3길 49 요쿠야마치','11:30 - 20:30','-',4.47),(18,'일품회집','회,아구찜','0507-1444-5292','전북 군산시 문화로 194','12:00 - 22:00','-',4.25),(19,'중동호떡','호떡','-','중동호떡, 호떡','10:00 - 19:00','-',4.07),(20,'국제반점','수육,짜장면,짜장,탕수육,짬뽕','-','국제반점, 중식당','11:00 - 20:00','-',4.26),(21,'주소','nan','0507-1363-0115','전북 군산시 구영6길 133-3','18:00 - 24:00','일,월',4.39),(22,'순돌이곱창','갈비,김치찌개,어묵,닭발,곱창','-','순돌이곱창, 곱창,막창,양','16:00 - 24:00','-',4.55),(23,'교촌치킨 군산대점','nan','0507-0090-0416','전북 군산시 미제1길 12','12:00 - 24:00','-',4.33),(24,'오르새피자 군산점','피자','0507-0093-7526','전북 군산시 조촌4길 34','14:00 - 23:40','월,월',4.92),(25,'지곡동옛날돈까스','돈까스','063-452-0833','전북 군산시 양안로 5','11:30 - 20:00','일,월',4.45),(26,'계곡가든꽃게장','nan','063-453-0608','전북 군산시 개정면 금강로 470','11:00 - 20:30','-',0),(27,'도란','nan','010-3757-2618','전북 군산시 구영신창길 61','12:00 - 24:00','화,화',0),(28,'빈타이 군산은파점','nan','063-732-4376','전북 군산시 한밭로 76-10','11:00 - 23:00','월',4.49),(29,'진성원','짜장,짬뽕','063-443-5220','전북 군산시 구암3.1로 70-1','10:30 - 19:00','월',0),(30,'새만금횟집','냉면,회','0507-1348-1005','전북 군산시 비응안7길 13','11:00 - 22:00','일',4.15),(31,'남도밥상','돈까스','0507-1302-9832','전북 군산시 옥도면 선유북길 83 1층','09:00 - 19:00','-',4.25),(32,'틈','nan','0507-1421-4886','전북 군산시 구영6길 125-1','10:00 - 21:00','-',4.43),(33,'만남스넥','순대,순대볶음,김치볶음밥','-','만남스넥, 종합분식','nan','월',4.34),(34,'물고기자리','회','063-463-1784','전북 군산시 비응남로 5','11:00 - 22:00','-',4.44),(35,'카페산타로사','nan','063-464-4991','전북 군산시 한밭로 76-12 산타로사','10:00 - 22:00','-',4.32),(36,'월명초밥','초밥','010-5882-1222','전북 군산시 구영5길 25','12:00 - 22:00','월,일',4.84),(37,'수송반점','수육,짜장,탕수육,짬뽕','010-7556-7792','전북 군산시 동메3길 23 1층','10:30 - 18:00','목',4.11),(38,'궁전매운탕','nan','063-462-9700','전북 군산시 현충로 12','11:00 - 20:00','월',4.39),(39,'MCL','스프','0507-1364-1517','전북 군산시 검다메1길 30 1층','12:00 - 21:00','o',4.67),(40,'파라디소 페르두또','샌드위치','063-471-8525','전북 군산시 한밭로 76-11','17:00 - 23:00','월',4.3),(41,'장미칼국수','콩국수,떡국,칼국수','063-443-2816','전북 군산시 큰샘길 26','09:00 - 20:30','수',4.31),(42,'발렌타인','피자','063-442-4886','전북 군산시 동령길 6 2층','11:00 - 23:50','-',4.32),(43,'안다로미','짬뽕','063-443-4545','전북 군산시 구영1길 67 안다로미','08:00 - 22:00','-',4.7),(44,'듀커피','nan','0507-1320-6823','전북 군산시 월명로 477-1 듀커피','11:00 - 19:00','월',4.66),(45,'영국빵집','nan','063-466-3477','전북 군산시 대학로 144-1','08:00 - 21:00','-',4.36),(46,'우수','nan','0507-1347-5081','전북 군산시 궁포1로 44 엘리시안빌딩 1층 101호','11:30 - 21:00','월',0),(47,'뽀빠이감자탕','어묵','063-445-6604','전북 군산시 구영6길 101 뽀빠이감자탕','11:00 - 21:00','화',4.18),(48,'스테이블','토스트','-','전북 군산시 명산길 12 1층','11:00 - 14:30','일',4.47),(49,'대북경','짜장,짬뽕','063-471-1138','전북 군산시 신평1길 3 대북경','10:30 - 20:30','월,일',4.12),(50,'모트','nan','0507-1381-0323','전북 군산시 미장남로 111-5 1층','11:30 - 21:00','-',0),(51,'노조미라멘본점','라면,짬뽕','010-2274-4867','전북 군산시 효자길 31-1','11:30 - 14:30','일',4.66),(52,'오타마 군산점','nan','0507-1498-6262','전북 군산시 동수송7길 22 1층 오타마','nan','화,화',0),(53,'바다회집','회','063-466-1197','전북 군산시 문화안길 11','11:30 - 22:00','월',4.39),(54,'군산과자조합','nan','0507-1364-1939','전북 군산시 구영5길 68 2층','09:30 - 22:00','-',4.48),(55,'신풍참숯양꼬치','갈비','063-732-1649','전북 군산시 수송안8길 21 신풍참숯양꼬치','12:00 - 24:00','화',4.49),(56,'비응반점','수육,짜장면,짜장,탕수육,짬뽕','063-461-4140','전북 군산시 비응로 64 새만금공인중개사,비응항순대국','nan','월',4.33),(57,'키친후가','치킨','0507-1447-1221','전북 군산시 양안로 32 키친후가','11:00 - 19:30','일',4.54),(58,'옹고집쌈밥','쌈밥,회,불고기','0507-1435-8883','전북 군산시 나포면 서왕길 34 옹고집쌈밥','10:20 - 20:30','-',4.39),(59,'옥돌슈퍼','삼겹살,수육,라면','0507-1322-7111','전북 군산시 옥도면 선유남3길 10 옥돌슈퍼','12:00 - 19:00','수',0),(60,'최동민양푼갈비 군산본점','갈비,라면','063-464-8545','전북 군산시 수송안5길 4','11:30 - 23:00','-',4.35),(61,'일흥옥','콩나물국','063-445-3580','전북 군산시 구영7길 25 일흥옥','05:00 - 15:00','수',4.54),(62,'안젤라분식','떡볶이,잡채','-','안젤라분식, 종합분식','11:00 - 16:00','-',4.35),(63,'또또생곱창','갈비,부대찌개,닭발,곱창','063-468-5250','전북 군산시 하나운안2길 15-4 또또생곱창','17:00 - 24:00','월,월',4.34),(64,'서수해장국','회','063-453-3926','전북 군산시 서수면 남산로 306 서수해장국','07:00 - 19:00','일',4.19),(65,'후성식당','카레,돈까스','0507-1303-9459','전북 군산시 미제2길 33 2층입니다','11:30 - 21:00','일,일',4.41),(66,'MTT cafe','nan','0507-1338-7189','전북 군산시 미장남로 111-3 1층','11:00 - 23:00','-',0),(67,'오구이','초밥,회','0507-1313-0592','전북 군산시 새만금산단1로 3','11:30 - 21:00','월',4.55),(68,'자딘콴','쌀국수','0507-1372-1811','전북 군산시 미장안9길 7 102호(미장동)','11:00 - 22:00','-',0),(69,'젤라또공대','nan','0507-1335-2185','전북 군산시 지곡로 36 1층','12:30 - 23:30','일',0),(70,'미즈커피','스프','063-445-1930','전북 군산시 해망로 232','10:00 - 19:00','-',0),(71,'레드애플 군산수송점','nan','0507-1468-0277','전북 군산시 월명로 254 1층 106호','09:00 - 21:00','-',0),(72,'첼로네시아','nan','070-7576-0481','전북 군산시 구영신창길 88','10:00 - 18:00','월,일',4.5),(73,'군산곱창','닭발,곱창','063-468-4411','전북 군산시 동수송5길 16','17:00 - 23:00','일',4.48),(74,'비행장정문부대찌개','햄버거,부대찌개','063-471-2159','전북 군산시 하나운안2길 14 비행장정문부대찌개','10:00 - 21:00','월',4.31),(75,'한주옥','nan','063-443-3812','전북 군산시 구영2길 31 영화주택','11:00 - 21:00','-',4.08),(76,'블루본즈','nan','010-9667-0912','전북 군산시 수송안길 23 101호','12:00 - 22:00','-',0),(77,'영동반점','우동,짜장,짬뽕','063-443-5352','전북 군산시 우체통거리2길 29','10:00 - 19:30','월',4.28),(78,'준스시','초밥,회,튀김','063-464-2223','전북 군산시 수송안4길 6','11:00 - 21:30','일',4.49),(79,'서우식당','닭볶음탕','-','서우식당, 한식','11:00 - 21:00','-',4.31),(80,'벽란도횟집 군산본점','회','063-446-2927','전북 군산시 내항2길 121 2, 3층','11:30 - 21:00','-',0),(81,'복덕빵','nan','070-4047-5584','전북 군산시 번영로 51','12:00 - 18:00','월,화',4.69),(82,'무녀도 갈매기','라면','010-8668-7404','전북 군산시 옥도면 무녀도리 산10-7','12:00 - 19:00','화,일',4.54),(83,'다다원','짜장면,짜장,짬뽕,볶음면','0507-1311-5507','전북 군산시 구영5길 21-3 현대오솔 상가 다다원','10:00 - 15:00','월',4.39),(84,'송가짬뽕','nan','063-461-8282','전북 군산시 동수송안길 55','11:00 - 21:00','월',4.47),(85,'명월갈비','갈비','063-445-8283','전북 군산시 구영7길 59 명월갈비','11:00 - 21:00','수',4.28),(86,'99씨엘','돈까스','0507-1372-1950','전북 군산시 서수면 임피중길 8','11:30 - 21:00','-',4.73),(87,'셀레네','nan','010-4801-8616','전북 군산시 오룡로 55 Selene','11:00 - 22:00','월',5),(88,'군산칼국수보쌈','수육,냉면,칼국수,보쌈','0507-1489-0507','전북 군산시 중앙로 182 1층','11:00 - 20:00','월,월',4.52),(89,'드르쿰다From제주','nan','0507-1393-1402','전북 군산시 부곡1길 45','10:00 - 23:00','-',4.43),(90,'오죽','초밥,회','0507-1318-5625','전북 군산시 한밭로 17','11:10 - 22:00','일,일',4.54),(91,'프랭크커핀바 군산점','nan','-','프랭크커핀바 군산점, 카페,디저트','10:00 - 22:00','-',0),(92,'당골 한옥카페','nan','0507-1332-7605','전북 군산시 성산면 오성로 134-17','11:30 - 20:00','일',4.43),(93,'하제고향횟집','nan','063-471-3406','전북 군산시 옥구읍 옥구로 248','10:00 - 22:00','-',4.43),(94,'장미칼국수 본점직영점','콩국수,떡국,칼국수','063-461-5735','전북 군산시 수송남로 20','09:30 - 20:30','-',4.33),(95,'나들목','갈비,잡채,갈비탕,돈까스','0507-1316-6545','전북 군산시 구영6길 83','07:00 - 15:00','월',4.24),(96,'군산비어포트','nan','-','전북 군산시 해망로 146-24 1층 군산비어포트','12:00 - 24:00','-',0),(97,'어원','nan','0507-1356-6757','전북 군산시 월명로 434','11:30 - 22:00','수',0),(98,'카페신민회','nan','0507-1410-8203','전북 군산시 구영7길 55 카페신민회','11:00 - 21:30','-',4.42),(99,'홍윤베이커리','nan','0507-1380-0445','전북 군산시 축동안길 40 홍윤베이커리','07:30 - 22:00','-',4.43),(100,'양과점1925','스프','063-443-1925','전북 군산시 구영5길 105 양과점1925','10:30 - 21:00','-',4.65),(101,'동백상사','nan','070-4306-7377','전북 군산시 수송안3길 3-9','11:30 - 23:00','목',4.4),(102,'태성반점','짜장면,짜장,짬뽕','-','태성반점, 중식당','11:00 - 20:00','일',4.39),(103,'완주옥','갈비,짬뽕','-','완주옥, 한식','11:00 - 21:00','-',3.93),(104,'선유도밤바다','라면,칼국수','0507-1358-3524','전북 군산시 옥도면 선유도3길 33-4 2동 1호','10:00 - 21:00','-',4.81),(105,'얼큰한뼈해장국','뼈해장국','-','얼큰한뼈해장국, 한식','00:00 - 24:00','-',4.36),(106,'뽀빠이냉면','냉면','063-446-1785','전북 군산시 장재길 12-4 뽀빠이냉면','nan','월,월',4.17),(107,'유성가든','nan','063-453-6670','전북 군산시 성산면 철새로 6-1','11:00 - 21:00','-',4.29),(108,'정한식당돼지고기연구소','삼겹살,김치찌개,부대찌개','063-471-8850','전북 군산시 남수송1길 7-5 1층 정한식당돼지고기연구소','11:30 - 22:00','수',0),(109,'해물천하','칼국수','010-9792-4000','전북 군산시 축동1길 6-3 1층','11:00 - 23:00','-',4.37),(110,'영화원','수육,짜장면,짜장,탕수육,짬뽕','-','영화원, 중식당','nan','월',4.43),(111,'통사리333','nan','0507-1335-2295','전북 군산시 개정면 번영로 858','11:00 - 21:00','월',0),(112,'리즈리','피자','0507-1325-6661','전북 군산시 대야면 서만자2길 6','10:00 - 21:00','-',4.21),(113,'목구멍 군산점','삼겹살,갈비,냉면,회','010-7430-2933','전북 군산시 동수송8길 13 1층','16:00 - 24:00','화',0),(114,'일해옥','짬뽕,콩나물국','063-443-0999','전북 군산시 구영7길 19','05:00 - 15:00','-',4.26),(115,'서도','nan','063-442-1233','전북 군산시 구영5길 39','17:00 - 24:00','월',0),(116,'소곰집 군산수송점','오겹살,갈비','063-471-6444','전북 군산시 동수송9길 11 1층 소곰집','16:00 - 24:00','-',4.61),(117,'카페미곡창고 SQUARE3.5','nan','063-465-3007','전북 군산시 구암3.1로 253','10:00 - 22:00','-',4.46),(118,'돈키호테','nan','0507-1322-7467','전북 군산시 구영6길 111-7 돈키호테','17:00 - 24:00','월',4.59),(119,'아리울해물짬뽕','수육,짜장면,짜장,탕수육,짬뽕','0507-1487-4646','전북 군산시 비응동로 65 아리울짜장일번지','09:00 - 20:00','화,화',4.14),(120,'글로어 군산조촌점','nan','0507-1492-3901','전북 군산시 궁포1로 44 엘리시안타워 1동 1층 103호','11:00 - 20:00','수',0),(121,'금강우렁쌈밥','쌈밥','0507-1487-0521','전북 군산시 성산면 철새로 31 금강우렁쌈밥','10:00 - 21:00','-',4.49),(122,'미제리','nan','070-8880-2443','전북 군산시 한밭로 21','10:00 - 23:00','-',0),(123,'천하장사','갈비,곱창','063-465-0838','전북 군산시 하신1길 14 아와비','nan','-',4.27),(124,'오스트로한','갈비','063-465-6870','전북 군산시 옥산면 남내안길 14','11:30 - 20:40','-',4.6),(125,'소뇨','피자','063-732-2739','전북 군산시 수송안11길 9','10:00 - 22:00','월',4),(126,'안동집','삼겹살,김치찌개,된장찌개','063-442-4785','전북 군산시 아리랑로 39 안동집','11:00 - 24:00','-',4.35),(127,'군산조개구이 해녀대합실','칼국수','0507-1311-3096','전북 군산시 부곡1길 74 해녀대합실','17:30 - 22:00','월',4.44),(128,'등대로','회','0507-1442-9500','전북 군산시 비응로 71','12:00 - 21:00','월',4.44),(129,'군산해물찜','아귀찜','063-467-2425','전북 군산시 동수송9길 15','17:00 - 22:00','-',4.2),(130,'오즈 베이커리','nan','0507-1359-1298','전북 군산시 축동안3길 8 1층 오즈베이커리','09:00 - 22:00','-',0),(131,'곱창이최고예요 본점','갈비,닭발,곱창','063-466-1149','전북 군산시 동수송8길 3','nan','일',4.42),(132,'황해짬뽕집','짜장면,짜장,짬뽕','0507-1321-5431','전북 군산시 구영4길 44 황해짬뽕집','11:00 - 15:00','일',4.41),(133,'한우네곱창','곱창','-','한우네곱창, 곱창,막창,양','nan','-',4.59),(134,'솜초밥','초밥','063-451-0827','전북 군산시 미장안9길 14','11:30 - 22:00','일',5),(135,'군산꽃삼겹','삼겹살,갈비','063-467-6222','전북 군산시 동수송4길 14','nan','-',4.49),(136,'반한','nan','010-5645-1100','전북 군산시 경암로 48 동부시장D동 39 튀김전문점 반한','12:00 - 20:00','일',4.38),(137,'상무초밥 군산점','초밥','0507-1308-9004','전북 군산시 월명로 201 1층','11:00 - 22:00','-',0),(138,'연정가든','갈비,회','0507-1357-6616','전북 군산시 백릉로 99-5 연정가든','16:30 - 21:30','수',4.45),(139,'노조미라멘 월명점','라면','063-445-3984','전북 군산시 구영7길 68','11:00 - 21:00','화',4.41),(140,'조선쌀국수','갈비,쌀국수','0507-1415-1494','전북 군산시 동수송9길 12 1층 102호','11:00 - 21:00','수',4.77),(141,'군산짬뽕','짬뽕','063-453-3689','전북 군산시 조촌4길 24-9 군산짬뽕','11:00 - 20:00','일,토',4.43),(142,'일력생선','시래기국','063-445-6445','전북 군산시 구영5길 66-6','11:00 - 21:00','-',4.18),(143,'광달이','nan','0507-1341-1981','전북 군산시 수송7길 31','nan','수',4.2),(144,'고래섬식당','회','063-465-1170','전북 군산시 옥도면 선유도3길 50','10:00 - 22:00','-',4.32),(145,'매주육일','갈비','063-442-0092','전북 군산시 궁포3로 13','16:00 - 24:00','-',4.37),(146,'서울소바','우동,어묵,냉면','-','서울소바, 일식당','11:30 - 22:00','-',4.4),(147,'누렁소까망돼지','갈비','063-461-2906','전북 군산시 칠성4길 52','11:00 - 23:00','-',4.74),(148,'영화통닭','치킨','0507-0090-7183','전북 군산시 구영6길 104','11:00 - 23:00','월',4.36),(149,'소현고택','nan','0507-1340-5477','전북 군산시 구영3길 22-1 소현고택','11:00 - 21:00','월',0),(150,'양푸니','갈비','063-443-2001','전북 군산시 구영2길 6 양푸니','11:30 - 21:00','월',4.64),(151,'굴세상','nan','063-471-8897','전북 군산시 상지곡안3길 30-5 굴세상','11:00 - 21:00','일,월',4.41),(152,'해물포차 영화동1호점','nan','063-451-9525','전북 군산시 구영5길 115','nan','-',4.35),(153,'빵굽는오남매','nan','063-463-8186','전북 군산시 오룡로 65-1 빵굽는 오남매','07:30 - 22:00','일',0),(154,'푸르던','nan','0507-1428-1649','전북 군산시 개정면 아동남로 33 푸르던','11:00 - 20:00','월',4.4),(155,'청담횟집 본점','회','063-461-7337','전북 군산시 수송안7길 36 청담횟집','11:50 - 21:30','일',4.07),(156,'파랑돔','회','063-464-1100','전북 군산시 소룡2길 50 군산 파랑돔','11:30 - 22:00','-',4.17),(157,'노루이자카야','nan','0507-1317-9500','전북 군산시 칠성로 165','nan','-',4.66),(158,'대중양품','nan','0507-1393-0966','전북 군산시 경포천동길 86 1층','12:00 - 15:00','화,수,목',4.58),(159,'포세이돈 조개전골','nan','-','포세이돈 조개전골, 조개요리','12:00 - 23:00','-',4.58),(160,'경춘면옥','갈비','0507-1321-4433','전북 군산시 한밭로 76-9','11:00 - 20:30','월',0),(161,'두메골','보쌈','0507-1385-0611','전북 군산시 백토로 284-20','nan','-',4.24),(162,'백년불고기','갈비','0507-1344-3357','전북 군산시 미장안7길 8','11:30 - 21:00','-',4.27),(163,'마마디','nan','0507-1309-1528','전북 군산시 수송안3길 12-1 1층 마마디','10:30 - 21:00','-',0),(164,'가람갈비 군산직영점','삼겹살,갈비,갈비탕,불고기','063-464-8100','전북 군산시 양안로 81','11:00 - 22:00','화',4.36),(165,'긴자료코 군산수송점','가츠동,카레,돈까스','063-464-6498','전북 군산시 월명로 255 1층 긴자료코','11:30 - 21:30','-',4.32),(166,'우정명태','튀김','063-467-2490','전북 군산시 하신1길 12 우정명태 본점','12:00 - 21:00','일',4.37),(167,'미친고기 나운점','삼겹살,냉면','0507-1449-2224','전북 군산시 수송로 22','nan','-',0),(168,'치코','치킨,타코','0507-1403-9157','전북 군산시 나운2길 34 c동 101호','11:00 - 21:00','월',4.49),(169,'군산대전횟집','회','063-442-9263','전북 군산시 내항2길 149','11:00 - 21:30','월',4.36),(170,'먹방이와 친구들','스프','0507-1314-1908','전북 군산시 해망로 244-7 먹방이와 친구들','11:00 - 19:00','-',4.33),(171,'메카닉','nan','063-910-9945','전북 군산시 구영7길 56','nan','-',4.51),(172,'줌인면사무소','라자냐','0507-1432-0920','전북 군산시 문화1길 87 줌인면사무소','11:30 - 21:00','월',0),(173,'단초밥','우동,초밥','063-468-0741','전북 군산시 상지곡안1길 24','11:30 - 21:30','월',4.44),(174,'진호수산','초밥,회,튀김','063-471-7708','전북 군산시 한밭1길 43','12:00 - 24:00','화',4.45),(175,'육사심','회','0507-1407-0260','전북 군산시 진포2길 39 육사심','11:00 - 24:00','일',4.4),(176,'청주활어회수산','회','0507-1420-2529','전북 군산시 내항2길 223','10:00 - 22:00','-',4.38),(177,'양푼갈비스토리 본점','갈비','063-466-4568','전북 군산시 수송안1길 15-8','11:10 - 24:00','월',4.27),(178,'리가든 군산수송점','nan','063-465-3592','전북 군산시 동수송안길 45','17:00 - 24:00','-',4.5),(179,'화끈장어&갈비살','갈비,냉면','0507-0090-0428','전북 군산시 하나운안1길 8-4 (나운동)','12:00 - 24:00','-',0),(180,'군산신선횟집','회,아귀찜','0507-1376-9127','전북 군산시 도선길 19','10:30 - 21:30','화',4.56),(181,'홍집','nan','-','홍집, 전통,민속주점','11:00 - 20:00','-',0),(182,'완도횟집','nan','-','완도횟집, 생선회','nan','-',3.96),(183,'싱싱세꼬시','회','063-464-3939','전북 군산시 황룡로 57 싱싱세꼬시','11:00 - 23:00','-',4.31),(184,'청하순대','순대,콩나물국','063-442-5682','전북 군산시 진포로 221-1 청하순대','00:00 - 24:00','-',4.36),(185,'군산덮밥','연어덮밥','0507-1339-6926','전북 군산시 구영5길 57','11:00 - 21:00','화',4.66),(186,'파스타쏘아베','라자냐','0507-1410-4231','전북 군산시 미장1길 14 1층 102호','11:30 - 20:30','월,일',4.79),(187,'원조팥칼국수','칼국수','063-461-3797','전북 군산시 서수송안1길 15-6','10:30 - 15:00','일',4.37),(188,'노아스로스팅 은파호수점','nan','063-467-8080','전북 군산시 은파순환길 20','09:00 - 21:00','-',4.38),(189,'형제반점','우동,짜장면,짜장,짬뽕','-','형제반점, 중식당','11:00 - 20:00','-',3.86),(190,'갈비스토리','갈비,갈비찜','0507-1302-2832','전북 군산시 하나운1길 15','10:30 - 20:00','일',4.13),(191,'유성꽃게장','nan','063-464-6670','전북 군산시 성산면 철새로 6-1 유성가든(본점)','11:00 - 20:30','화',4.3),(192,'굳돈','nan','063-910-2110','전북 군산시 동수송8길 19 1층','11:30 - 20:00','일',4.5),(193,'토실배기','삼겹살,불고기','-','토실배기, 한식','11:00 - 22:00','-',4.43),(194,'허그갈릭','피자','0507-1476-3305','전북 군산시 수송안길 21','11:30 - 23:00','수',0),(195,'엄마손팥칼국수','칼국수','063-471-8883','전북 군산시 미성로 509 엄마손 팥 칼국수','11:00 - 21:00','월',4.16),(196,'군산골목집','냉면,회,불고기','010-3953-2253','전북 군산시 계산로 71 쌍용예가상가 1층 103호 네비주소는 계산로87-8','17:00 - 23:00','일',4.52),(197,'돔베초밥','우동,초밥,회','0507-1314-8884','전북 군산시 수송남로 2','11:00 - 21:00','-',4.28),(198,'서소문소바','돈까스','063-471-0040','전북 군산시 하신안길 62','11:00 - 15:00','월',4.45),(199,'군산통닭','치킨','063-464-5755','전북 군산시 월명로 465','15:00 - 23:30','일',4.51),(200,'족발신선생 군산수송점','족발','0507-1464-4889','전북 군산시 동수송5길 9 1층','nan','-',0),(201,'오란다','nan','063-443-3357','전북 군산시 구영7길 60','11:00 - 21:00','화',4.4),(202,'예림옥 본점','김치찌개,뼈해장국,콩나물국','-','예림옥 본점, 한식','06:00 - 22:00','-',4.33),(203,'군산떡갈비','갈비,회','063-467-8877','전북 군산시 미장6길 16','11:30 - 21:00','화,일',4.18),(204,'장국명가','쌈밥,삼계탕,보쌈','063-443-3680','전북 군산시 새터길 25 새터길25','11:30 - 21:00','일',4.34),(205,'군산복집','회,튀김','063-446-0118','전북 군산시 구영7길 15','09:00 - 21:00','월,월',4.33),(206,'코지하우스 군산점','피자','0507-1425-3534','전북 군산시 수송로 324 1층','11:30 - 22:00','-',0),(207,'뮤즈','nan','0507-1427-9003','전북 군산시 월명로 265 3층','nan','일',4.56),(208,'쌍용반점','짜장면,짜장,짬뽕','-','쌍용반점, 중식당','11:30 - 20:00','-',3.67),(209,'화양양꼬치','잡채,깐풍기','063-468-9255','전북 군산시 동수송5길 18','nan','-',4.29),(210,'메이찬','짜장면,짜장,짬뽕','063-468-1110','전북 군산시 하나운2길 33','11:00 - 20:30','월',4.49),(211,'느림보제빵소','nan','0507-1326-0455','전북 군산시 수송로 188 청담빌딩 1층','07:00 - 22:00','-',4.31),(212,'거목아리랑','수육,닭볶음탕','063-453-2585','전북 군산시 법원로 20','11:00 - 21:00','월,일',4.77),(213,'어부네포차','회,칼국수','010-3337-9632','전북 군산시 옥도면 선유도3길 33-18 어부네포차','10:00 - 19:00','수,일',4.58),(214,'심야식당쥬라이','짬뽕','063-911-7517','전북 군산시 동수송6길 22','nan','월',4.61),(215,'수라간','갈비,쌈밥,불고기','0507-1397-0326','전북 군산시 남수송1길 7-3 수라간','11:30 - 21:30','수',0),(216,'창성양꼬치','갈비','063-468-3443','전북 군산시 진포로 223','11:00 - 24:00','-',4.77),(217,'마니에젤라또','nan','0507-1372-0121','전북 군산시 의료원로 138 상가동 105호','12:00 - 21:00','월',0),(218,'호응','파니니,치킨','0507-1374-0565','전북 군산시 미장안5길 5','10:00 - 20:00','월',0),(219,'하이이','nan','0507-1354-1129','전북 군산시 백릉로 151 203호','10:00 - 17:00','월,수',0),(220,'뮴','nan','063-451-8772','전북 군산시 대야면 수림로 35','11:00 - 21:00','-',0),(221,'머시기수산','nan','063-445-7114','전북 군산시 조촌로 168 가동 101~102호 지우빌딩','16:00 - 23:00','일,일',4.6),(222,'PAGE1','돈까스','0507-1354-5234','전북 군산시 은파순환길 174-4','11:00 - 21:00','일,일',0),(223,'장금이','김치찌개,순두부찌개','0507-0090-1704','전북 군산시 수송남로 16','00:00 - 24:00','-',4.44),(224,'명륜진사갈비 군산나운점','갈비,냉면,계란찜','0507-1365-6265','전북 군산시 공단대로 443','11:00 - 22:00','-',4.32),(225,'그라운드플로어','피자,불고기,튀김','0507-1419-5727','전북 군산시 서수송안1길 15-1 1층','11:00 - 21:30','-',4.36),(226,'포이제','nan','0507-1306-9415','전북 군산시 중앙로 216 포이제','08:00 - 21:00','화',4.76),(227,'Cafe Airport','nan','0507-1356-2108','전북 군산시 신평1길 11-2 1층','11:00 - 20:00','월',0),(228,'새우랑소바랑','nan','063-453-5555','전북 군산시 백릉로 102 새우랑소바랑','11:00 - 20:00','-',4.49),(229,'생활맥주 군산수송점','떡볶이','063-463-8130','전북 군산시 동수송7길 6-1 생활맥주','nan','-',0),(230,'원조 놀부네집 본점','갈비,닭발,곱창','063-445-7212','전북 군산시 구영4길 38','nan','-',4.5),(231,'예닮가','뼈해장국,순대,콩나물국','063-461-1503','전북 군산시 옥구읍 옥구로 24','09:30 - 21:00','일',4.41),(232,'군산함박','마파두부,돈까스','063-453-0110','전북 군산시 공단대로 117','11:00 - 21:00','화',0),(233,'모산방건강한정식','갈비,불고기','063-463-4411','전북 군산시 부원로 97-9 모산방한정식','11:30 - 20:30','o',4.16),(234,'개화당','nan','0507-1331-7057','전북 군산시 신평안길 64 개화당','11:45 - 21:00','일',4.87),(235,'치쿠린','라면','010-9774-6066','전북 군산시 미제2길 26','11:00 - 20:00','일,일',4.36),(236,'신자네연탄구이','삼겹살,김치찌개','-','신자네연탄구이, 한식','12:00 - 24:00','-',4.41),(237,'뽕나무집','닭볶음탕','063-463-8487','전북 군산시 백토로 284-22','10:30 - 20:30','수',4.29),(238,'영희네주방','돈까스','063-467-6470','전북 군산시 상지곡1길 49','11:00 - 20:30','월,월',0),(239,'쿠우쿠우 군산점','떡볶이,피자,초밥','0507-1438-1516','전북 군산시 월명로 180 3층','11:00 - 22:00','-',4.12),(240,'홈인샤브 미룡점','월남쌈,쌀국수','0507-1331-2692','전북 군산시 미제2길 34 홈인샤브 미룡점','11:00 - 21:00','일',4.52),(241,'원조나포순대','순대,곱창','063-468-0015','전북 군산시 나운4길 7-3','11:00 - 22:00','일',4.3),(242,'황태후 군산CC점','nan','063-463-6677','전북 군산시 옥구읍 동마산길 5-2','05:00 - 15:00','월',4.31),(243,'두거리우신탕 군산점','갈비,갈비탕','063-452-1588','전북 군산시 공단대로 85','11:00 - 21:00','일,일',0),(244,'은파 광장해물파전','nan','063-462-7787','전북 군산시 은파순환길 76 광장해물파전','12:00 - 24:00','수',4.47),(245,'고우당','스프','-','고우당, 카페','09:00 - 21:00','-',4.39),(246,'그냥분식','nan','063-468-5002','전북 군산시 동아로 163','05:00 - 22:00','일',3.48),(247,'리베이커리','nan','063-468-0444','전북 군산시 나운로 40 청곡빌딩','09:00 - 22:00','월',4.31),(248,'스위트인디아','치킨','063-445-8522','전북 군산시 거석길 36 우체통거리 1길 14','11:30 - 21:30','-',4.23),(249,'청하순대집','순대,콩나물국','-','청하순대집, 순대,순댓국','00:00 - 24:00','-',4.23),(250,'베트남현지쌀국수 1980','반미,쌀국수','0507-1473-1260','전북 군산시 분멀안길 9','10:30 - 22:00','수',0),(251,'멧돌방식당','냉면,회','063-446-8578','전북 군산시 금암3길 3','10:00 - 18:00','일',4.53),(252,'새만금소문난해물칼국수','칼국수,돈까스','063-462-9909','전북 군산시 비응동로 63 소문난해물칼국수','09:30 - 20:30','월,월',4.24),(253,'야키로','갈비','063-465-7444','전북 군산시 동수송7길 4','16:00 - 24:00','일,일',4.56),(254,'풍천장어타운','nan','0507-1415-4422','전북 군산시 번영로 370','11:00 - 22:00','월,월',4.39),(255,'어시장수산','nan','063-471-8844','전북 군산시 신평길 20','12:00 - 23:00','월',4.27),(256,'커피202','팬케이크','063-442-1202','전북 군산시 구영1길 14 커피202','10:00 - 22:00','월',0),(257,'월명동 휘겔리','nan','010-3464-7424','전북 군산시 구영5길 68','17:30 - 24:00','화',4.57),(258,'소담촌 군산시청점','월남쌈','0507-1495-4950','전북 군산시 조촌4길 3 하준빌딩2층','11:00 - 21:00','o',4.42),(259,'규카츠정 군산점','카레','0507-1340-8312','전북 군산시 월명로 254 모나코빌딩 112호','11:30 - 21:00','-',0),(260,'불타는명태찜','nan','063-442-1573','전북 군산시 경촌2길 38','17:00 - 21:30','월',4.42),(261,'콩뜰','보쌈,불고기','063-445-2218','전북 군산시 구영7길 11','08:30 - 21:00','수',4.07),(262,'월명식당','김치찌개','063-446-0372','전북 군산시 구영3길 11-1','06:00 - 14:00','-',4.73),(263,'나훔','nan','010-6616-1386','전북 군산시 미장6길 7 1층','12:00 - 22:00','화',0),(264,'군산해물찜','아귀찜','063-467-2425','전북 군산시 동수송9길 15','17:00 - 22:00','-',4.2),(265,'유정초밥','초밥,회','-','유정초밥, 초밥,롤','12:00 - 21:30','-',4.1),(266,'연화구 본점','갈비,닭발,곱창','063-471-8895','전북 군산시 서수송길 9','16:30 - 23:30','일',4.63),(267,'왕새우한마당','튀김','063-464-3636','전북 군산시 서수송안1길 19-4 왕새우한마당','16:30 - 23:00','-',4.42),(268,'최고일식','nan','0507-1494-2403','전북 군산시 남수송2길 10 최고일식','16:00 - 24:00','-',4.4),(269,'홍영장','수육,짜장면,짜장,탕수육,짬뽕','063-445-8096','전북 군산시 동령길 42','11:00 - 15:00','-',3.95),(270,'백년짬뽕','수육,탕수육,짬뽕','063-471-0988','전북 군산시 요죽안2길 14 백년짬뽕','10:30 - 20:00','월',4.33),(271,'란향','수육,짜장,탕수육','063-453-2616','전북 군산시 미장안9길 7','11:00 - 21:00','-',4.36),(272,'일풍식당','튀김','-','일풍식당, 매운탕,해물탕','08:00 - 21:00','-',4.45),(273,'리투스카페','nan','063-443-3885','전북 군산시 해망로 118 2동1층','10:00 - 21:00','-',4.39),(274,'음미당','nan','063-467-0650','전북 군산시 상나운3길 42 음미당','07:00 - 15:00','화,수',4.51),(275,'바게뜨과자점 본점','nan','063-445-7803','전북 군산시 백릉로 46 바게뜨바게뜨베이커리','08:00 - 22:00','월,일,월',4.38),(276,'연곱삼','갈비,곱창','063-467-0930','전북 군산시 남수송2길 3','13:00 - 23:00','-',0),(277,'아스텔라 레스토랑','치킨','0507-1323-5043','전북 군산시 나운2길 38 1층 아스텔라 레스토랑','11:00 - 21:30','화',4.56),(278,'카페리즈','스프','063-466-7689','전북 군산시 백토로 261 지곡교회 건너편','10:00 - 19:00','월,화,수,목',4.8),(279,'빵쌤 군산시청점','nan','-','빵쌤 군산시청점, 베이커리','08:00 - 22:00','-',0),(280,'허선생짬뽕','수육,탕수육,짬뽕','0507-0090-1629','전북 군산시 조촌5길 69 1층','11:00 - 20:00','월',4.28),(281,'우진정육상회','삼겹살,냉면,회','063-451-5775','전북 군산시 조촌2길 27','11:00 - 22:00','일',4.46),(282,'대정칼국수','콩국수,칼국수','063-445-4808','전북 군산시 구영7길 34-1','11:00 - 19:00','-',4.31),(283,'고래포차','회','010-7511-1270','전북 군산시 옥도면 선유도3길 33-4 선유도어촌계수산물센터 3호','10:00 - 19:00','목,목',4.46),(284,'백엄마팥칼국수','칼국수','063-471-6006','전북 군산시 옥구읍 대학로 786','09:00 - 15:00','월',4.29),(285,'장안통아구찜','아귀찜','063-465-9901','전북 군산시 현충로 62-7','11:30 - 22:00','-',4.5),(286,'보배밥상','쌈밥','063-461-6692','전북 군산시 남수송4길 8-6','11:30 - 21:00','일',4.44),(287,'경양카츠 군산점','nan','063-468-2202','전북 군산시 동수송8길 1','10:00 - 21:00','-',4.63),(288,'중동통닭','nan','063-445-5892','전북 군산시 해망로 76','11:00 - 23:00','화',4.42),(289,'뚱보식당','nan','063-461-2554','전북 군산시 오룡로 58-2','08:00 - 16:00','화',3.85),(290,'군산 돈삼겹','삼겹살,수육','063-465-3860','전북 군산시 축동로 98-2','08:00 - 24:00','-',4.82),(291,'원조군산아구','회,아구찜','063-445-5063','전북 군산시 경촌2길 36-6','11:00 - 20:30','-',3.96),(292,'거북이식탁','닭볶음탕','0507-1422-2824','전북 군산시 구영6길 124 거북이식탁','17:00 - 24:00','일',4.52),(293,'형제갈치','nan','063-464-5233','전북 군산시 수송안1길 17','11:30 - 21:00','월,일,월',4.39),(294,'힘솟는짱어','nan','063-461-4900','전북 군산시 남수송5길 8-6','11:30 - 22:00','-',4.55),(295,'명궁칼국수','콩국수,떡국,칼국수','063-446-6403','전북 군산시 구영4길 16-6 1층 명궁칼국수','09:30 - 15:30','일',4.35),(296,'군산오성황제해물짬뽕','수육,짜장면,짜장,탕수육,짬뽕','063-464-5885','전북 군산시 신촌남길 11','11:00 - 21:00','-',0),(297,'장수영양돌솥밥','잡채','063-465-6266','전북 군산시 상지곡안4길 69','10:00 - 21:00','일',4.38),(298,'성환식당','nan','0507-1428-3670','전북 군산시 구영2길 46-4 성환식당','10:30 - 21:00','-',4.53),(299,'오유미당 군산수송점','카레','-','오유미당 군산수송점, 돈가스','11:15 - 21:00','-',4.67),(300,'신가네칼국수','칼국수','063-453-6333','전북 군산시 성산면 철새로 31 1층','10:30 - 20:00','-',0),(301,'백년삼계탕','갈비,갈비탕,삼계탕,닭볶음탕','063-445-7693','전북 군산시 미원로 97','10:00 - 21:00','-',4.12),(302,'황금코다리 군산나운점','갈비','0507-1484-9988','전북 군산시 대학로 432','11:00 - 21:30','-',4.38),(303,'가빈이네횟집','회','063-466-1092','전북 군산시 옥도면 선유북길 117 가빈이네횟집','09:00 - 23:59','-',4.05),(304,'최종희부뚜막','갈비,갈비탕,불고기','063-468-9080','전북 군산시 옥산면 백석로 54','11:00 - 21:00','-',4.37),(305,'경원해물찜','아구찜,아귀찜','0507-1334-1742','전북 군산시 칠성안1길 25','12:00 - 21:00','일',4.35),(306,'군산점보짬뽕','짬뽕','063-443-0851','전북 군산시 동령길 10','10:00 - 20:00','화,일',4.18),(307,'궁전꽃게장','회','063-466-6677','전북 군산시 궁포1로 24-5 세종빌딩 2층 203호, 204호','10:00 - 21:00','-',4.19),(308,'쉐프테라스','피자','0507-1474-1073','전북 군산시 수송로 135 1층, 2층 쉐프테라스','11:30 - 21:00','-',4.62),(309,'어라이브','nan','0507-1348-8847','전북 군산시 경포천로 110 카페 어라이브','11:00 - 21:30','화,월,월',4.44),(310,'한반도양꼬치&훠궈무한리필','갈비','0507-1390-8905','전북 군산시 신평안길 16-1','11:05 - 23:00','수',4.35),(311,'한우진대가','갈비','0507-1371-5657','전북 군산시 미장안7길 18 한우진대가','11:30 - 22:00','월',4.55),(312,'삼거리매운탕','nan','063-463-5811','전북 군산시 현충로 8','11:00 - 20:30','일,월',4.57),(313,'동일샤브','nan','0507-1434-7816','전북 군산시 수송안11길 5 1층','11:00 - 21:00','일',4.6),(314,'이모네연탄구이','삼겹살,갈비','0507-1326-5207','전북 군산시 부곡1길 42 이모네연탄구이','16:00 - 23:00','-',4.43),(315,'투썸플레이스 군산수송점','nan','063-471-2624','전북 군산시 남수송3길 43','08:30 - 23:00','-',0),(316,'카페인대장','nan','0507-1350-9199','전북 군산시 옥도면 장자도2길 59 1층, 2층','10:00 - 19:30','-',0),(317,'오유미당 군산시청점','카레','-','오유미당 군산시청점, 돈가스','11:00 - 21:00','-',4.75),(318,'은아수','삼겹살,곱창','0507-1361-7313','전북 군산시 구영신창길 31','17:30 - 22:00','-',4.32),(319,'경원해물아구찜','nan','063-467-0608','전북 군산시 상지곡3길 3-1 경원해물아구찜','12:00 - 21:00','월',4.35),(320,'고방골','nan','063-463-0124','전북 군산시 현충로 43','12:00 - 21:30','화',4.63),(321,'디바제 에스프레소 바','스프','0507-1476-0246','전북 군산시 수송안길 37 1층 디바제 에스프레소 바','10:00 - 23:00','-',0),(322,'소옽 군산수송점','nan','063-734-1992','전북 군산시 수송안길 23 1층 102호','11:00 - 21:00','-',0),(323,'돈까스스토리','피자,짜장면,짜장,돈까스','0507-1423-1171','전북 군산시 공단대로 131 돈까스스토리','11:00 - 20:30','-',4.34),(324,'알찬김밥','치킨','0507-1389-7826','전북 군산시 조촌로 48 알찬김밥','08:00 - 18:00','토,일',4.59),(325,'미소상회 군산본점','nan','063-468-4211','전북 군산시 동수송6길 6 1층 미소상회','nan','-',4.71),(326,'인테이블','스프,토스트','0507-1348-4658','전북 군산시 하나운로 122 인테이블','09:00 - 18:00','목',0),(327,'원조부안집 군산수송로점','nan','-','원조부안집 군산수송로점, 돼지고기구이','16:00 - 23:00','-',0),(328,'압강옥','갈비,냉면,튀김','063-452-2777','전북 군산시 삼수길 46','11:40 - 20:30','화',4.01),(329,'양푼왕갈비감자탕나라 나운점','갈비,갈비찜,족발','063-471-7960','전북 군산시 부곡4길 5','nan','일',4.53),(330,'로컬라이즈 카페','nan','070-4419-0143','전북 군산시 구영5길 104-4','10:00 - 19:00','-',4.41),(331,'진수곱창 수송점','곱창','063-467-4594','전북 군산시 동수송2길 26','nan','-',4.38),(332,'원조장터왕족발','보쌈,족발','-','원조장터왕족발, 족발,보쌈','nan','-',0),(333,'일억조횟집2호점','회','0507-1322-3146','전북 군산시 비응남로 21','10:30 - 21:30','-',4.55),(334,'커피홀릭','스프','010-2389-9160','전북 군산시 비응남로 3 2층','11:00 - 21:00','-',0),(335,'번지농장돌판아구찜 군산지곡점','아구찜','063-461-6565','전북 군산시 신지길 84','11:00 - 21:30','수',4.23),(336,'이가매생이수제비칼국수','칼국수','063-451-0208','전북 군산시 조촌안3길 19 이가매생이','09:00 - 20:00','-',4.63),(337,'동서네낙지 수송점','갈비,곱창','0507-1469-2083','전북 군산시 수송안11길 23','11:00 - 21:30','일',4.23),(338,'아리가또맘마 군산수송점','가츠동,돈까스','063-465-4295','전북 군산시 동수송안길 35','11:00 - 21:00','-',4.49),(339,'유생촌 군산점','치킨,돈까스','063-911-5279','전북 군산시 나운안1길 36','11:30 - 21:00','-',4.34),(340,'일미리금계찜닭 군산 수송점','찜닭','063-467-3344','전북 군산시 동수송7길 5-1','11:00 - 22:00','-',4.58),(341,'미원통닭 군산수송점','치킨','063-461-0008','전북 군산시 수송안3길 10 1층 미원통닭','16:00 - 23:00','-',4.48),(342,'꾸디','쿠키','0507-1405-1230','전북 군산시 수송안11길 22 1층, 꾸디','nan','-',0),(343,'양철지붕','회,곱창','063-445-2053','전북 군산시 중앙로 19 양철지붕','nan','월',4.38),(344,'육값어치','회','010-8322-6857','전북 군산시 동수송2길 22','nan','-',4.55),(345,'송범준식당','nan','0507-1399-5991','전북 군산시 나운안1길 9-5 1층 유앤미사우나 건물 뒷편','11:00 - 21:00','월,월',4.62),(346,'명륜진사갈비 군산본점','갈비,냉면','063-466-3621','전북 군산시 문화로 95','12:00 - 22:30','-',4.19),(347,'미소한우','갈비,갈비탕,회','0507-1386-8795','전북 군산시 임피면 계남1길 52 미소 한우 직매장','10:00 - 21:30','화,화,일',4.45),(348,'선유도 선유횟집','회','063-464-9313','전북 군산시 옥도면 선유북길 125-1','10:00 - 22:00','-',4.1),(349,'등촌샤브칼국수 군산점','칼국수','-','등촌샤브칼국수 군산점, 칼국수,만두','nan','일',4.41),(350,'요코초','우동','0507-1454-2472','전북 군산시 칠성5길 84','12:00 - 22:30','-',0),(351,'디노엘','nan','0507-1311-7414','전북 군산시 동수송9길 1 1층','10:30 - 22:00','-',5),(352,'군산집','nan','0507-1398-3310','전북 군산시 구영3길 68 1층 군산집','08:00 - 21:00','-',4.4),(353,'소곰집 군산미장점','오겹살,갈비','-','소곰집 군산미장점, 돼지고기구이','16:30 - 24:00','-',0),(354,'마음고기 수송점','nan','063-471-6070','전북 군산시 수송6길 28 1층 마음고기 수송점','11:00 - 22:00','-',0),(355,'미라벨(MIRABELL)','스프','-','미라벨(MIRABELL), 카페','10:00 - 21:00','-',4.35),(356,'바지락명가장가네','회,칼국수','063-466-2995','전북 군산시 비응동로 67','09:00 - 21:00','월,화',4.17),(357,'우리떡갈비','갈비','063-463-4279','전북 군산시 백토로 36','11:30 - 21:00','수',4.3),(358,'곱창주세요','닭발,곱창','063-465-9962','전북 군산시 하신안길 40','nan','-',4.53),(359,'택이네조개전골 군산수송점','nan','0507-1386-0344','전북 군산시 수송7길 27 1층 택이네조개전골','15:00 - 23:00','-',0),(360,'비요리 군산점','짬뽕','0507-1348-1117','전북 군산시 동수송6길 10 1층','nan','-',0),(361,'국수미는남자','칼국수','-','국수미는남자, 한식','nan','월',4.42),(362,'서해바다횟집','회','063-465-0088','전북 군산시 소룡2길 42','17:00 - 24:00','화',4.62),(363,'희자매숯불닭갈비','갈비','063-471-0621','전북 군산시 동수송7길 20','nan','-',4.55),(364,'미도리','초밥,회','-','미도리, 생선회','11:30 - 22:00','-',4.38),(365,'일신옥','콩나물국','063-461-1004','전북 군산시 구영7길 20 일신옥','05:00 - 19:00','-',4.33),(366,'산북동달구지 군산본점','삼겹살,곱창','063-468-3534','전북 군산시 칠성6길 144','17:30 - 23:00','일',4.55),(367,'우리분식','비빔국수,잔치국수,칼국수','063-464-5878','전북 군산시 문화로 33 도천상가','10:30 - 18:40','일',4.41),(368,'크레마 THE CREMA BISTRO','스프,돈까스','063-445-7755','전북 군산시 은파순환길 174-5 앤츠밸리푸드단지내 2층 크레마레스토랑','11:30 - 21:00','화',4.54),(369,'부엉이돈가스 군산수송점','nan','0507-1447-9598','전북 군산시 수송안길 35','11:00 - 21:00','수,일',4.51),(370,'그래그래찹쌀울금꽈배기','nan','0507-1487-3487','전북 군산시 의료원로 119 그래그래찹쌀울금꽈배기','09:00 - 20:30','월',3.63),(371,'스타벅스 군산조촌DT점','nan','-','스타벅스 군산조촌DT점, 카페','a','nan',0),(372,'차이나짬뽕','짜장면,짜장,짬뽕','0507-1465-4903','전북 군산시 남수송6길 7-7 1층','11:00 - 20:00','월',4.5),(373,'군산꽃삼겹','삼겹살,갈비','063-467-6222','전북 군산시 동수송4길 14','nan','-',4.49),(374,'모예의정원','nan','0507-1352-8172','전북 군산시 회현면 대위로 172 모예의 정원','10:00 - 21:00','-',4.32),(375,'보울앤보울','무스비','0507-1356-1152','전북 군산시 수송안3길 3-5 1층','09:00 - 20:30','토',0),(376,'홍익돈까스 군산점','우동,돈까스','063-445-1715','전북 군산시 미장서로 54','11:30 - 21:00','-',4.29),(377,'카페요즈음','샌드위치','0507-1341-0352','전북 군산시 나운안1길 32-3','10:00 - 22:00','-',4.55),(378,'진미면막국수','nan','063-451-5414','전북 군산시 구암3.1로 111 진미면막국수','11:00 - 20:00','-',4.22),(379,'송강식당','튀김','063-445-0255','전북 군산시 구영6길 120 송강식당','11:00 - 23:00','-',4.65),(380,'군산탱크조개&짬뽕','짬뽕','063-465-2524','전북 군산시 군산창길 35','10:00 - 22:00','-',4.26),(381,'현대옥 군산미장점','콩나물국','0507-1328-9885','전북 군산시 미장안7길 34 1층 101호','06:00 - 22:00','-',4.42),(382,'다복','nan','-','다복, 해물,생선요리','nan','-',0),(383,'유락식당','회,아구찜','-','유락식당, 해물,생선요리','nan','월',4.32),(384,'시골식당','김치찌개,된장국','-','시골식당, 한식','07:00 - 14:30','-',4.12),(385,'가나순대','순대','063-467-5353','전북 군산시 신평길 15 .','10:00 - 21:00','-',4.29),(386,'마랄유혹','수육,누룽지,탕수육,짬뽕','0507-1308-2873','전북 군산시 수송안11길 18','11:30 - 22:00','일',4.82),(387,'찰리','nan','063-442-7271','전북 군산시 중앙로 200 동남슈퍼','10:30 - 21:00','월',4.62),(388,'써브웨이 군산점','햄버거,바비큐,치킨,샌드위치','063-464-1234','전북 군산시 공단대로 374','08:00 - 23:00','-',4.46),(389,'청사초롱','nan','0507-1398-3138','전북 군산시 구영4길 8 청사초롱','16:00 - 24:00','일',4.06),(390,'예향정 군산수송점','김치찌개,쌈밥,두루치기','0507-1448-8257','전북 군산시 동수송안길 43','10:00 - 22:00','-',4.36),(391,'월명산','nan','010-3659-0015','전북 군산시 구영6길 66','nan','-',4.14),(392,'만흥집','수육','-','만흥집, 한식','07:00 - 21:00','-',4.44),(393,'별식당','nan','010-5382-9701','전북 군산시 구영6길 72-1','17:00 - 24:00','월',4.63),(394,'카페긱','스프','063-451-6165','전북 군산시 수송안9길 11','08:00 - 22:00','일',4.54),(395,'스시사야','nan','0507-1333-4474','전북 군산시 수송안8길 20 1층','18:00 - 22:00','일',0),(396,'스타벅스 군산수송점','nan','-','스타벅스 군산수송점, 카페','08:00 - 22:00','-',4.41),(397,'은파장작구이','골뱅이무침','063-466-3199','전북 군산시 한밭로 76-7','17:00 - 22:00','월',4.47),(398,'아우어인어스','nan','0507-1400-2639','전북 군산시 서수송1길 18-3 카페','11:00 - 22:00','-',0),(399,'고마담','삼겹살','070-7543-6112','전북 군산시 궁포3로 7 고마담','17:00 - 23:00','-',4.38),(400,'주먹고기','오겹살,누룽지','063-464-8481','전북 군산시 신평안길 28','17:00 - 22:00','-',4.25),(401,'주먹고기','오겹살,누룽지','063-464-8481','전북 군산시 신평안길 28','17:00 - 22:00','-',4.25),(402,'생활맥주 군산디오션시티점','떡볶이','-','생활맥주 군산디오션시티점, 맥주,호프','nan','-',0),(403,'빨간다리','라면,골뱅이무침','0507-1392-4241','전북 군산시 옥도면 장자도1길 91','10:00 - 18:00','-',0),(404,'신뮤지엄','nan','0507-1309-6056','전북 군산시 성산면 동군산로 46','10:30 - 19:00','화',0),(405,'신포우리만두 군산점','nan','0507-1313-0389','전북 군산시 동령길 5 신포우리만두','10:30 - 21:00','화',4.32),(406,'선유도 차림상','회','0507-1389-1212','전북 군산시 옥도면 선유북길 119','10:30 - 21:00','-',4.15),(407,'블레스롤 군산조촌점','nan','0507-1491-8273','전북 군산시 진포로 170 169, 1층','09:00 - 22:00','월',0),(408,'문서방국밥','수육,순대','0507-1367-5992','전북 군산시 새만금북로 297','00:00 - 24:00','월',4.29),(409,'두둠칫','튀김','0507-1324-4383','전북 군산시 우체통거리2길 19-1 두둠칫','14:00 - 22:00','일',4.68),(410,'모토이시 나운점','nan','0507-1326-7574','전북 군산시 수송로 22 모토이시','17:00 - 24:00','월',0),(411,'그린스미스 카페','nan','010-6280-6458','전북 군산시 우체통거리1길 3-1 1층','10:00 - 22:00','월',0),(412,'빠끄커피','스프','0507-1339-2235','전북 군산시 수송안1길 20','08:00 - 22:00','-',4.54),(413,'다이도','회','063-451-3808','전북 군산시 번영로 121','10:00 - 22:00','일',0),(414,'올리베또','피자','063-451-5255','전북 군산시 옥산면 돌머리길 10-16','11:00 - 21:30','월',4.33),(415,'조촌이층집','두루치기','0507-1326-8483','전북 군산시 진포로 183 2층1호, 조촌이층집','11:00 - 23:00','일',0),(416,'안영순베이커리카페','nan','063-462-3239','전북 군산시 동지곡길 171 안영순베이커리카페','09:00 - 22:00','-',4.14),(417,'제줏간 군산점','오겹살','-','제줏간 군산점, 돼지고기구이','nan','-',0),(418,'머지랩','nan','0507-1378-0199','전북 군산시 구영6길 107 1층 머지랩','nan','수',0),(419,'카페 나운','nan','0507-1374-8456','전북 군산시 나운4길 11 (나운동)','10:00 - 22:00','월',0),(420,'은파아리울레스토랑','nan','063-464-9393','전북 군산시 은파순환길 174-4','11:30 - 21:00','-',4.21),(421,'설가네팥칼국수','칼국수','063-464-1300','전북 군산시 축동로 59','11:00 - 20:30','월',4.33),(422,'정담순대','순대','0507-1342-5210','전북 군산시 해망로 17-7 정담순대','07:00 - 21:00','목',4.41),(423,'부광족발 군산점','족발','063-445-0999','전북 군산시 구영7길 32-1','nan','월',4.59),(424,'아리랑','nan','0507-1383-1207','전북 군산시 해망로 224','11:30 - 21:00','월',4.03),(425,'메오메오','쌀국수','063-445-5005','전북 군산시 구영7길 53','11:30 - 20:00','수',4.26),(426,'구이공','삼겹살,갈비','0507-1302-2774','전북 군산시 하나운3길 14 구이공','11:30 - 22:00','일',4.32),(427,'궁전','nan','-','궁전, 한식','12:00 - 21:00','-',4.07),(428,'아르디','nan','0507-1305-8238','전북 군산시 구영신창길 26','11:00 - 22:00','월',4.39),(429,'일월부대찌개','부대찌개','-','일월부대찌개, 찌개,전골','11:30 - 22:00','-',4.19),(430,'디어마이','치킨','063-468-2542','전북 군산시 수송안11길 27','11:00 - 21:00','월,월',0),(431,'분식시간','nan','063-451-0739','전북 군산시 양안로 137 분식시간','08:00 - 20:00','일',0),(432,'케이밸리왕림골북카페','스프','063-453-9901','전북 군산시 나포면 서왕길 87','11:00 - 19:00','일',0),(433,'삼바리 나운점','nan','063-465-3820','전북 군산시 수송로 31','nan','화',4.35),(434,'서원반점','우동,수육,짜장면,잡채,짜장,탕수육,짬뽕','-','서원반점, 중식당','nan','월',4.38),(435,'영빈각','우동,짜장면,짜장,짬뽕,울면','-','영빈각, 중식당','11:30 - 20:30','-',4.43),(436,'제주도횟집','nan','0507-1327-9548','전북 군산시 동메1길 9-2','10:00 - 23:00','-',4.22),(437,'아이엠도넛 군산수송점','nan','0507-1313-7172','전북 군산시 수송8길 33 1층 101호','10:00 - 18:00','일',0),(438,'수복','nan','0507-1376-5315','전북 군산시 구영6길 111-7','nan','월',4.15),(439,'대가 꽃게장','nan','063-453-0831','전북 군산시 개정면 금강로 466 대가꽃게장','11:00 - 21:00','월',4.14),(440,'돌돌이꼬마김밥 군산점','떡볶이,어묵','063-442-6800','전북 군산시 미장안길 54','07:00 - 19:30','일',4.4),(441,'주공순대','순대','063-451-8880','전북 군산시 진포로 180','10:30 - 21:00','토',4.37),(442,'대전집','nan','-','대전집, 생선구이','11:30 - 19:30','-',4.11),(443,'서가앤쿡 군산수송점','nan','063-467-9948','전북 군산시 월명로 216','11:30 - 22:00','-',4.37),(444,'서양식당0654','라자냐','063-468-0655','전북 군산시 동수송1길 19','11:30 - 24:00','화',0),(445,'강촌마을','nan','063-453-6803','전북 군산시 성산면 철새로 90','11:30 - 18:00','-',4.21),(446,'육대장 군산시청점','육개장','0507-1418-9973','전북 군산시 조촌로 38','07:00 - 22:00','-',4.24),(447,'은파종점','아구찜,닭볶음탕,아귀찜','-','은파종점, 닭볶음탕','12:00 - 22:00','-',4.38),(448,'교촌치킨 군산대점','nan','0507-0090-0416','전북 군산시 미제1길 12','12:00 - 24:00','-',4.33),(449,'럭키마케트','nan','0507-1369-1031','전북 군산시 구영6길 101-4 1층 럭키마케트','11:00 - 23:00','월',4.46),(450,'육연집','연어덮밥,회','0507-1322-5342','전북 군산시 동수송8길 2','nan','일',0),(451,'흑돼지삼백식당 군산수송점','삼겹살,갈비','063-462-7001','전북 군산시 동수송7길 6 흑돼지 삼백식당','17:00 - 24:00','-',0),(452,'미가옥','콩나물국','063-452-0905','전북 군산시 시청로 10 미가옥','06:00 - 14:30','-',4.76),(453,'경수니네식당','회','010-8453-0760','전북 군산시 옥도면 선유도3길 53','08:00 - 21:00','-',4.44),(454,'파스토','nan','063-464-6202','전북 군산시 황룡안길 50','11:00 - 21:00','일',4.56),(455,'추억의연탄갈비 조촌점','삼겹살,갈비,라면','063-452-8001','전북 군산시 조촌4길 25 추억의연탄갈비','10:00 - 22:00','일',4.5),(456,'장원꽃게장','nan','-','장원꽃게장, 게요리','12:00 - 21:00','-',4.47),(457,'포장맛차 본점','회','0507-1347-0169','전북 군산시 수송로 13 포장맛차 본점','nan','-',4.21),(458,'리오','nan','-','전북 군산시 우체통거리1길 17 리오','10:00 - 19:00','월,월',0),(459,'카페하양','nan','0507-1326-6549','전북 군산시 옥구읍 옥구남로 11 선제리 513-6 용궁반점 옆','11:00 - 20:00','화',0),(460,'비발디회집','회','063-468-9836','전북 군산시 남수송2길 12','12:00 - 22:00','-',4.54),(461,'장가계','수육,짜장면,짜장,탕수육,짬뽕','0507-1393-8882','전북 군산시 월명로 464 장가계','10:30 - 20:30','-',4.49),(462,'돼지코생곱창갈비 본점','갈비','-','돼지코생곱창갈비 본점, 곱창,막창,양','nan','-',4.5),(463,'남다른감자탕 군산미장점','nan','063-445-2110','전북 군산시 공단대로 163','00:00 - 24:00','-',4.24),(464,'정가네묵은지생갈비찜','삼겹살,갈비,갈비찜','0507-1307-5285','전북 군산시 경촌2길 36-16 1층 정가네묵은지생갈비찜','10:00 - 22:00','-',4.68),(465,'한남동그집 군산나운점','닭발,보쌈','0507-1312-4743','전북 군산시 나운안1길 7 승원빌딩 1층 107호','nan','-',0),(466,'해뜨는식당','회','010-8445-0369','전북 군산시 옥도면 신시도길 36 해뜨는식당','08:00 - 20:30','-',4.88),(467,'시골집 칼국수','칼국수','063-468-1776','전북 군산시 청소년회관로 56','11:00 - 15:00','화',4.35),(468,'장터통닭','nan','063-461-3666','전북 군산시 하나운안1길 51 장터통닭','08:00 - 21:00','-',4.39),(469,'우민회관','삼겹살,회','063-452-0427','전북 군산시 번영로 158-20 우민회관','11:00 - 21:30','-',4.25),(470,'동보성 본점','수육,탕수육,깐풍기','0507-0090-0442','전북 군산시 수송1길 19','10:30 - 20:40','목',4.22),(471,'브레드샵','nan','0507-1345-7118','전북 군산시 수송동로 37','11:00 - 19:00','월,월,일',4.48),(472,'모정식당','김치찌개,부대찌개','0507-0090-7213','전북 군산시 조촌4길 34-4 모정식당','10:30 - 21:00','일',4.38),(473,'개정동커피집','nan','063-452-4567','전북 군산시 번영로 407 개정동커피집','11:00 - 18:00','월',4.35),(474,'메밀냉면&굴구이통삼겹살','수육,냉면','0507-1361-0363','전북 군산시 칠성로 134 1층 101호 메밀냉면&굴구이통삼겹살','nan','-',4.56),(475,'제이제이','김치볶음밥,돈까스','063-442-7301','전북 군산시 하나운로 63 2층 제이제이','11:30 - 21:00','월,월',4.35),(476,'스타벅스 군산수송DT점','nan','-','스타벅스 군산수송DT점, 카페','a','nan',4.49),(477,'나포순대','nan','063-468-0399','전북 군산시 하신2길 12-3 나포순대','10:30 - 21:00','일',4.41),(478,'본가토속왕순대','순대','-','본가토속왕순대, 한식','nan','-',4.29),(479,'진미양꼬치','수육,마파두부,탕수육','0507-1311-5887','전북 군산시 수송로 24','16:00 - 24:00','-',4.58),(480,'마라공방 마라탕 조촌동점','nan','-','마라공방 마라탕 조촌동점, 중식당','11:00 - 22:00','-',0),(481,'탱탱만두','nan','063-471-0802','전북 군산시 백토로 111','09:00 - 20:00','일',4.47),(482,'최성광참숯불닭갈비','갈비','0507-1438-5301','전북 군산시 궁포1로 24-9 204호 최성광 참숯불 닭갈비','11:30 - 23:00','-',4.56),(483,'긱스피자 군산점','피자','063-471-2122','전북 군산시 동수송4길 16','nan','-',4.57),(484,'참조은명가람갈비','갈비,갈비탕','063-451-9924','전북 군산시 조촌2길 46','11:00 - 22:00','월',4.49),(485,'네네치킨 중앙점','치킨,튀김','050-7526-3580','전북 군산시 중앙로 94 SK텔레콤','12:00 - 24:00','-',4.34),(486,'해피치즈스마일 군산점','떡볶이','-','해피치즈스마일 군산점, 분식','11:00 - 21:00','-',0),(487,'고가네아구','칼국수,아귀찜,튀김','-','고가네아구, 아귀찜,해물찜','12:00 - 21:00','-',4.54),(488,'튀떡순','라볶이,튀김','0507-0093-7520','전북 군산시 미장안6길 2','09:00 - 21:00','월',4.47),(489,'고피자 군산미장점','피자,치킨','0504-0999-1338','전북 군산시 수송로 289 1층','11:00 - 23:30','-',4.51),(490,'라라코스트 수송점','피자,불고기','063-466-3230','전북 군산시 월명로 254','11:30 - 21:30','-',4.28),(491,'우리밀','짜장면,짜장,짬뽕,불고기','063-453-4779','전북 군산시 서수면 동군산로 863 우리밀','11:00 - 21:00','-',4.38),(492,'장춘횟집','회','063-443-5161','전북 군산시 내항2길 153','09:00 - 21:30','-',4.28),(493,'군산홍어','nan','063-468-8994','전북 군산시 신평3길 17','11:30 - 22:00','-',4.21),(494,'해적들과 커피','nan','0507-1329-6984','전북 군산시 구영6길 65-3 해적들과 커피','08:00 - 21:00','-',0),(495,'마왕족발 군산수송점','nan','0507-1487-9931','전북 군산시 동수송8길 11','nan','-',4.52),(496,'메리그레이스','nan','0507-1341-0192','전북 군산시 번영로 92 1층','10:00 - 20:00','일',4.68),(497,'최가밥상','닭볶음탕','063-465-4969','전북 군산시 지곡로 31 1층 최가밥상','11:00 - 22:00','-',4.4),(498,'카페아른','nan','010-2521-1370','전북 군산시 대학로 74 카페아른','12:00 - 23:00','월,화,수,목,금,토,일',0),(499,'팔마재1912','스프','0507-1443-7761','전북 군산시 번영로 2','10:00 - 22:00','-',0),(500,'산마루','갈비','063-463-2311','전북 군산시 나운5길 63-2 산마루','11:00 - 21:30','-',4.39),(501,'쌍떼','nan','0507-1304-3750','전북 군산시 구영2길 45 쌍떼','11:30 - 21:00','수,수',0),(502,'진주집','갈비,김치찌개,부대찌개,닭볶음탕','063-442-5965','전북 군산시 구영5길 110 도쿄','11:00 - 23:00','일',4.26),(503,'군산숯불갈비','갈비','063-452-9209','전북 군산시 미장3길 1','16:30 - 23:00','월',4.3),(504,'오리향 본점','nan','0507-1405-7992','전북 군산시 하나운안1길 8-6 오리향','11:00 - 22:00','-',4.15),(505,'김형제고기의철학 군산수송점','갈비','063-471-1100','전북 군산시 동수송안길 39','16:00 - 24:00','-',4.4),(506,'스타벅스 군산나운DT점','nan','-','스타벅스 군산나운DT점, 카페','a','nan',4.46),(507,'군산맛촌','nan','063-446-8197','전북 군산시 구영6길 62 군산맛촌','11:00 - 20:00','-',4.36),(508,'군산활어회센타','nan','063-462-9974','전북 군산시 문화로 41 군산활어회센타','12:00 - 23:00','-',4.24),(509,'오백도화덕생선구이','nan','0507-1496-5001','전북 군산시 미장안9길 14 오백도 화덕생선구이','11:00 - 21:00','화,수',0),(510,'참대박','nan','-','참대박, 한식','10:00 - 22:00','-',4.24),(511,'세월촌 군산본점','닭발,치킨,오돌뼈,튀김','063-462-0606','전북 군산시 수송로 20','nan','-',4.35),(512,'CAFE AND 카페앤드','nan','0507-1480-3472','전북 군산시 구영7길 95 1층','11:00 - 21:00','-',4.62),(513,'8월의크리스마스','샌드위치','010-5687-6714','전북 군산시 수송동로 35 8월의 크리스마스','11:00 - 18:00','월,일',0),(514,'금강꽃게장','nan','-','금강꽃게장, 게요리','11:30 - 20:00','-',4.21),(515,'타이','쌀국수,팟타이','063-465-5526','전북 군산시 신평2길 14 지곡동','11:30 - 21:30','화',4.48),(516,'올리브','치킨,튀김','-','올리브, 종합분식','nan','-',4.58),(517,'가야장','짜장면,짜장,짬뽕','0507-0090-0403','전북 군산시 경암4길 4','11:00 - 20:30','-',4.25),(518,'화덕생선구이 어락도','nan','0507-1443-9279','전북 군산시 수송6길 30 101호','11:00 - 21:00','목,목',0),(519,'군산횟집','nan','063-466-3115','전북 군산시 비응남로 1 1층','10:00 - 22:00','-',3.83),(520,'중동호떡 2호점','호떡','063-462-7773','전북 군산시 나운안2길 5-5','10:00 - 20:00','일',4.45),(521,'칠억조','nan','063-464-2004','전북 군산시 수송안10길 25','nan','일',4.25),(522,'청년다방 군산미장점','떡볶이','0507-1302-5244','전북 군산시 수송로 286 101호','11:00 - 22:00','-',4.37),(523,'소렐','nan','0507-1467-9306','전북 군산시 영동로 16-1','a','nan',4.46),(524,'감동샤브','nan','063-732-7773','전북 군산시 구영7길 64','11:00 - 21:00','월',4.69),(525,'블레스유','nan','063-442-7461','전북 군산시 번영로 72 Bless you','10:00 - 19:00','일',4.46),(526,'현대횟집','회,튀김','063-462-6042','전북 군산시 나운5길 48','10:30 - 22:30','-',4.39),(527,'군산커피마을','nan','0507-1360-8686','전북 군산시 개정면 개정들4길 63 군산커피마을','10:30 - 21:30','목',4.05),(528,'골뱅이청춘기지','어묵,회,골뱅이무침','010-4048-9743','전북 군산시 구영6길 97','16:30 - 24:00','-',4.38),(529,'히츠지야 군산점','갈비','0507-1376-0251','전북 군산시 동수송3길 10 1층','nan','-',0),(530,'군산원감자탕','짬뽕','063-467-6991','전북 군산시 남수송5길 50-4 1층','11:00 - 22:00','-',4.46),(531,'일품양꼬치','nan','063-467-9955','전북 군산시 수송안2길 4','11:30 - 24:00','-',4.34),(532,'명승지','갈비,냉면','0507-1445-0881','전북 군산시 상지곡안3길 30-8','11:00 - 22:00','화',4.18),(533,'대통령짬뽕','우동,짬뽕','0507-0090-0437','전북 군산시 미성로 479','10:30 - 20:30','-',4.24),(534,'항아리보쌈미장지구점','회,보쌈','063-453-1998','전북 군산시 공단대로 117','11:30 - 22:00','화',4.39),(535,'BINBIN','nan','0507-1340-8170','전북 군산시 미장안3길 65 1층 빈빈','11:00 - 21:00','월,화,수',0),(536,'일품대패 군산수송2호점','삼겹살','010-2613-7514','전북 군산시 서수송1길 9 1층 101호','nan','화',0),(537,'회현커피part2','nan','063-466-8766','전북 군산시 구영6길 64','10:00 - 21:00','-',4.37),(538,'참아름다운','nan','010-8070-8506','전북 군산시 수송안11길 26','10:00 - 16:00','일',4.44),(539,'정쉐프의덤앤덤','초밥','063-461-5900','전북 군산시 하신1길 17 정쉐프의덤앤덤','11:00 - 23:00','-',4.28),(540,'버블리 케이크','nan','0507-1447-0066','전북 군산시 문화로 63 1층 버블리 케이크 (BUBBLY CAKE)','11:00 - 19:00','화,일',0),(541,'아프리카커피초콜릿 시청본점','nan','063-452-1542','전북 군산시 시청로 16','10:00 - 22:00','일,일',4.52),(542,'동경회집','회','063-445-1662','전북 군산시 거석길 8','10:00 - 22:30','-',0),(543,'마루벌돌구이 군산점','삼겹살','0507-1435-9234','전북 군산시 축동안길 56','11:00 - 22:30','-',4.61),(544,'구이나라','갈비,갈비찜','063-446-1010','전북 군산시 구영7길 70 군산시 구영7길 70','10:30 - 20:50','일',4.06),(545,'보배반점 군산수송점','짜장면,짜장,짬뽕','0507-1375-5457','전북 군산시 수송북로 3 1층','11:00 - 22:00','-',0),(546,'레트로키친 수송점','nan','063-471-5541','레트로키친 수송점, 카페','nan','-',4.48),(547,'양푼갈비스토리 스타팰리스점','갈비','063-465-8886','전북 군산시 진포2길 8','16:30 - 24:00','-',0),(548,'빵구석카페','nan','0507-1327-9130','전북 군산시 월명로 483-1 1층','11:00 - 19:00','월',0),(549,'봉달고깃집','삼겹살,회','063-468-7444','전북 군산시 나운로 54 봉달고깃집','nan','-',4.55),(550,'우리할매떡볶이 군산점','떡볶이,어묵,떡꼬치','063-462-6905','전북 군산시 하나운로 76 1층 우리할매떡볶이','11:00 - 21:00','월,화,수',4.38),(551,'예향','nan','-','예향, 조개요리','nan','-',3.9),(552,'청춘하이볼','nan','063-910-4330','전북 군산시 동수송6길 6-1 청춘하이볼','nan','-',0),(553,'오산상회','스프','-','오산상회, 카페,디저트','10:00 - 22:00','-',4.56),(554,'아카시아','초밥','010-7722-2225','전북 군산시 수송안1길 17-8 아카시아','15:00 - 17:00','일',0),(555,'에비뉴','갈비,피자,불고기','063-465-2290','전북 군산시 수송북로 7','10:30 - 22:00','-',4.25),(556,'찻집은','nan','010-5574-5984','전북 군산시 서수면 신상용전길 47 신상용전길 47','10:30 - 20:00','월',4.74),(557,'운정식당','삼계탕','063-446-0891','전북 군산시 중정길 8-2','nan','-',4.42),(558,'육빵집','nan','0507-1398-5386','전북 군산시 미장14길 35 육빵집','11:30 - 19:00','일',0),(559,'한뚝수육국밥','수육,순대','0507-1316-1358','전북 군산시 대학로 535','00:00 - 24:00','-',4.41),(560,'상평까페','삼겹살,닭볶음탕','063-464-9777','전북 군산시 옥구읍 광월길 33-15','11:30 - 21:00','-',4.42),(561,'추민자양푼갈비','갈비,갈비찜,닭발','010-5047-9449','전북 군산시 남수송6길 3-6','11:30 - 23:00','일',4.29),(562,'교동짬뽕','수육,짜장,탕수육,짬뽕','0507-1323-8585','전북 군산시 공단대로 117 104호','11:00 - 20:00','월',4.33),(563,'나리생곱창구이전문점','갈비,닭발,곱창','063-465-1137','전북 군산시 신설3길 9 1층','12:00 - 23:00','수',4.23),(564,'경원해물찜아구찜','nan','063-468-2242','전북 군산시 궁포1로 24-3 204호 경원해물찜아구찜','11:30 - 21:30','월',4.31),(565,'후아후아브레드','nan','0507-1478-9017','전북 군산시 수송동로 11','10:00 - 18:30','월,화',0),(566,'주몽반점','수육,짜장면,잡채,짜장,탕수육,짬뽕','0507-0090-9941','전북 군산시 번영로 237','10:00 - 19:00','일',4.13),(567,'진포곱창','갈비,곱창','0507-1397-4041','전북 군산시 동수송4길 20 1층','nan','-',4.5),(568,'지수만풍천민물장어','nan','0507-1423-9288','전북 군산시 현충로 93-2 2층','12:00 - 23:00','목',0),(569,'오늘의분식','떡볶이,튀김','0507-1466-9034','전북 군산시 백토로 116 1층 103호','09:00 - 20:00','일',4.31),(570,'무쏘 군산조촌점','갈비,회,곱창','063-453-9292','전북 군산시 궁포3로 7 201호','12:00 - 23:00','-',4.21),(571,'전설의스테이크갈비 군산본점','오겹살,갈비','0507-1369-8866','전북 군산시 서수송안2길 9','12:00 - 22:00','-',4.5),(572,'카페196','nan','-','카페196, 카페,디저트','nan','월',4.33),(573,'로뎀푸드','돈까스','063-462-6222','전북 군산시 황룡안길 3-1','a','nan',4.64),(574,'골든글로리 로스터리카페','스프','063-451-6565','전북 군산시 토성길 16-7','11:00 - 23:00','-',4.28),(575,'뽀빠이갈비','갈비,냉면','-','뽀빠이갈비, 육류,고기요리','nan','-',4.23),(576,'장보고','nan','063-442-8649','전북 군산시 우체통거리2길 37','09:00 - 22:30','-',4.35),(577,'대상BIO 군산공장','nan','-','대상BIO 군산공장, 식료품제조','nan','-',0),(578,'구이마루','nan','0507-1309-9730','전북 군산시 구영6길 131 1층','nan','화',4.54),(579,'황금코다리 군산사정점','갈비','063-453-1330','전북 군산시 번영로 372 황금코다리 군산사정점','11:00 - 21:00','-',4.32),(580,'할리스 군산선유도점','nan','063-464-9314','전북 군산시 옥도면 선유북길 125-1','09:30 - 21:00','-',4.21),(581,'산쪼메 군산점','nan','010-4164-1650','전북 군산시 수송5길 5','11:30 - 21:00','화',4.39),(582,'CAFE SUPER WORKER','nan','0507-1359-5787','전북 군산시 중앙로 37','09:00 - 21:00','-',4.5),(583,'카페 열사흘','nan','0507-1489-0118','전북 군산시 조촌4길 78 1층','11:00 - 18:00','일,일',4.67),(584,'화우','nan','0507-1322-1728','전북 군산시 수송안3길 12','18:00 - 21:00','일',4.25),(585,'웰미가 수송점','콩나물국','063-462-0095','전북 군산시 수송1길 17 1층','00:00 - 24:00','-',4.23),(586,'기연','nan','0507-1361-3028','전북 군산시 구영3길 39 기연','19:00 - 24:00','일',0),(587,'연도식당','nan','0507-1319-7536','전북 군산시 경촌2길 36-3','11:00 - 21:00','-',4.38),(588,'마포화곱창 군산미장점','곱창','-','마포화곱창 군산미장점, 곱창,막창,양','17:00 - 23:00','-',0),(589,'해오름횟집','nan','063-464-0880','전북 군산시 부곡1길 7','11:00 - 21:30','-',4.3),(590,'무제','nan','-','전북 군산시 구영5길 25 무제','nan','월',0),(591,'영산포 홍어','nan','0507-1358-3379','전북 군산시 서수송1길 24','17:00 - 22:00','일',4.38),(592,'장어명가 청산 군산점','nan','0507-1349-9289','전북 군산시 옥산면 쌍봉리 246-21','11:00 - 21:00','-',0),(593,'전주우족설렁탕','육개장,갈비,갈비탕,설렁탕','063-445-9502','전북 군산시 대학로 88','06:00 - 20:00','일',4.47),(594,'탄탄면공방 군산디오션시티점','nan','0507-1357-1040','전북 군산시 궁포1로 48 1층 104호 탄탄면공방','11:00 - 21:00','-',0),(595,'선유도짬뽕','수육,짜장,탕수육,짬뽕','-','선유도짬뽕, 중식당','nan','-',4),(596,'쉬즈베이글 군산대점','갈비,토스트','-','쉬즈베이글 군산대점, 카페,디저트','08:00 - 21:00','-',4.67),(597,'무연마라탕','nan','0507-1484-5253','전북 군산시 수송로 336 1층 106호','a','nan',4.48),(598,'최종희부뚜막 디오션점','갈비,갈비탕,불고기','063-443-5477','전북 군산시 백릉로 198','11:00 - 21:00','-',4.46),(599,'호떡당 장자도점','호떡','010-9610-2738','전북 군산시 옥도면 장자도1길 81','08:00 - 18:00','수',4.12),(600,'94대패','nan','0507-1356-9514','전북 군산시 궁포3로 12 1동 2층 201호','16:00 - 23:00','월',0),(601,'티노관','월남쌈,쌀국수','-','티노관, 베트남음식','nan','-',4.61),(602,'에이엔비커피','nan','0507-1322-0640','전북 군산시 수송안3길 3-2 1층 A New Begin','12:00 - 21:30','월',0),(603,'군산뼈삼겹','갈비','063-463-1236','전북 군산시 하나운1길 23 군산뼈삼겹','17:00 - 24:00','월',4.75),(604,'등대가돌게장','김치찌개,된장찌개','0507-1413-4489','전북 군산시 비응로 35','10:00 - 21:00','-',4.35),(605,'돈까스스토리','피자,짜장면,짜장,돈까스','0507-1423-1171','전북 군산시 공단대로 131 돈까스스토리','11:00 - 20:30','-',4.34),(606,'선주네포차','회','0507-1350-7538','전북 군산시 수송안9길 5 선주네포차','17:00 - 23:00','-',0),(607,'제육이와짜글이 군산점','nan','0507-1393-1181','전북 군산시 칠성로 143 1층','11:30 - 21:30','일',0),(608,'화덕장인','nan','-','화덕장인, 이탈리아음식','11:50 - 21:30','-',4.13),(609,'버거하우스','nan','063-445-1129','전북 군산시 구영1길 69 토담','11:00 - 21:00','월',4.57),(610,'이북집손순대군산점','순대','0507-1442-3550','전북 군산시 공항로 123 이북집손순대','07:00 - 21:00','일',4.25),(611,'엄마밥상','계란말이,시래기국','063-466-1353','전북 군산시 구영7길 16','07:30 - 14:00','-',4.31),(612,'은해곱창경장점','갈비,곱창','063-443-2483','전북 군산시 진포로 135','16:30 - 23:00','일',4.32),(613,'모닝달','nan','0507-1337-6778','전북 군산시 축동안3길 26 1층 모닝달 마카롱','11:00 - 21:00','화',4.5),(614,'스타벅스 군산대점','샌드위치','-','스타벅스 군산대점, 카페','08:00 - 22:00','-',4.4),(615,'BHC치킨 군산나운2호점','떡볶이','063-462-3592','전북 군산시 나운안길 34 J쇼핑몰 가동 102호','12:00 - 24:00','일',4.44),(616,'신세계맛집','회','010-5157-5024','전북 군산시 구시장로 69 102호','11:00 - 22:00','화',0),(617,'롤링파스타 군산수송점','nan','063-467-9575','전북 군산시 수송로 202 2층 (수송동)','11:00 - 22:00','-',4.33),(618,'군산대양참치','nan','0507-1325-3665','전북 군산시 서수송1길 12-3','17:00 - 24:00','일,일',4.19),(619,'채선당 샤브보트 롯데몰 군산점','nan','010-5649-2922','전북 군산시 조촌로 130','11:00 - 20:30','일',4.5),(620,'불타는구공탄','오겹살,갈비,김치찌개','-','불타는구공탄, 육류,고기요리','17:00 - 24:00','-',4.43),(621,'뜨란풍경','nan','063-468-1553','전북 군산시 수송남로 36-2','11:00 - 22:00','-',4.09),(622,'뜨락 누룽지백숙','피자,누룽지,닭볶음탕','063-452-0002','전북 군산시 개정면 아동남로 45-1 뜨락','11:00 - 21:00','-',4.4),(623,'돈젠','nan','-','돈젠, 돈가스','11:00 - 21:00','-',4.43),(624,'다온','nan','0507-1441-0668','전북 군산시 수송안1길 12','11:00 - 22:00','-',0),(625,'신포우리만두 군산미룡점','김치볶음밥,돈까스','0507-0090-0846','전북 군산시 미제1길 12','10:30 - 20:00','일',4.07),(626,'육대장 군산나운점','육개장,어묵,설렁탕,보쌈','063-465-9767','전북 군산시 현충로 93-2','09:00 - 21:00','금,금',4.24),(627,'오봉집 군산수송점','nan','-','오봉집 군산수송점, 한식','11:00 - 22:00','-',0),(628,'조선치킨 수송점','치킨','0507-415-3210','전북 군산시 수송8길 25','nan','-',4.31),(629,'뚱이네뼈다귀탕','갈비,갈비탕','0507-1358-0322','전북 군산시 진포로 177','11:00 - 22:00','화',4.65),(630,'민주씨앗호떡','호떡','063-442-4688','전북 군산시 구영7길 24','07:00 - 18:00','화',4.43),(631,'샐러드박스 군산디오션점','nan','063-445-9990','전북 군산시 궁포1로 48 어반트리상가 A동 1층 102호','10:00 - 21:00','일',0),(632,'하남돼지집 군산수송동점','삼겹살,갈비','0507-1406-1998','전북 군산시 동수송4길 8 1층하남돼지집','17:00 - 23:00','-',4.66),(633,'라라코스트 군산대점','피자,불고기','-','라라코스트 군산대점, 패밀리레스토랑','11:30 - 21:30','-',4.29),(634,'꽃보다초밥','초밥,회','0507-1352-1593','전북 군산시 조촌4길 33-4 꽃보다초밥','11:30 - 21:00','일',4.7),(635,'보틀그레이','nan','010-4668-9112','전북 군산시 아리랑로 12','nan','수',0),(636,'옛날가마솥장수통닭 군산미장점','치킨','0507-0090-1689','전북 군산시 공단대로 77','14:00 - 23:00','수',4.43),(637,'돼지꿈','삼겹살,갈비','063-442-7309','전북 군산시 경촌1길 56','16:00 - 23:00','화',3.84),(638,'대박삼겹김치찜&초대박등갈비김치찜 군산수송점','갈비','0507-1351-0462','전북 군산시 수송안9길 22 1층','11:40 - 24:00','-',0),(639,'청석골','갈비','063-443-7800','전북 군산시 수송8길 20 청석골','11:30 - 22:30','-',4.32),(640,'도미노피자 군산점','nan','063-471-3330','전북 군산시 백토로 142','11:30 - 21:30','-',4.32),(641,'타코비 군산점','nan','0507-1331-0764','전북 군산시 대명4길 9 1층 117호','12:30 - 22:30','목',0),(642,'홍원반점','우동,짜장면,짜장,짬뽕','063-468-3901','전북 군산시 요죽안2길 45','10:30 - 20:30','월',4.28),(643,'일품대패 나운점','nan','0507-1427-3949','전북 군산시 공단대로 396 일품대패삼겹살','11:00 - 23:00','화',0),(644,'야미마라탕','nan','063-462-0130','전북 군산시 미제1길 11 1층','11:00 - 21:00','일',4.4),(645,'너와나의연탄구이','삼겹살','063-463-2298','전북 군산시 신평안길 46-12 1층','nan','일',4.66),(646,'피자익스프레스 군산','피자','0507-1385-7797','전북 군산시 동수송9길 13 1층 피자익스프레스 군산','nan','월',4.55),(647,'중앙식당','회','-','중앙식당, 한정식','12:00 - 21:00','-',4.35),(648,'고래설렁탕 본점','갈비,갈비탕,설렁탕','063-468-0606','전북 군산시 공단대로 408 고래설렁탕','00:00 - 24:00','-',4.25),(649,'맥도날드 군산나운DT점','햄버거,불고기','-','맥도날드 군산나운DT점, 햄버거','00:00 - 24:00','-',4.33),(650,'신토불이','치킨','-','신토불이, 치킨,닭강정','nan','-',4.35),(651,'마라공방 마라탕 수송점','nan','-','마라공방 마라탕 수송점, 중식당','11:00 - 22:00','-',4.85),(652,'쉐프의부대찌개 군산수송점','부대찌개','0507-1395-9898','전북 군산시 축동2길 39-3 2층','11:00 - 22:00','화',4.51),(653,'진미식당','김치찌개,불고기','-','진미식당, 찌개,전골','07:00 - 14:00','-',4.27),(654,'버거킹 군산조촌DT점','nan','-','버거킹 군산조촌DT점, 햄버거','09:00 - 24:00','-',4.18),(655,'명동소바','우동','063-446-1366','전북 군산시 평화길 122 1층 명동소바','nan','-',4.26),(656,'메이드 인 태리','nan','0507-1325-3775','전북 군산시 조촌5길 68 메이드인태리','10:00 - 18:00','-',4.61),(657,'옛맛김치찌개','김치찌개,된장찌개','063-467-0567','전북 군산시 나운안길 27 강천상가 109호','11:00 - 20:30','일,화',4.47),(658,'무초프루토','샌드위치','063-464-5412','전북 군산시 하나운안1길 39 2층','11:00 - 18:00','월,일',0),(659,'BHC치킨 군산대명중앙점','떡볶이','-','BHC치킨 군산대명중앙점, 치킨,닭강정','12:00 - 24:00','-',4.31),(660,'공휴일','nan','0507-1305-3475','전북 군산시 옥도면 신시도3길 28','11:00 - 18:00','화',4.48),(661,'옛맛김치찌개','김치찌개,된장찌개','063-467-0567','전북 군산시 나운안길 27 강천상가 109호','11:00 - 20:30','일,화',4.47),(662,'무초프루토','샌드위치','063-464-5412','전북 군산시 하나운안1길 39 2층','11:00 - 18:00','월,일',0),(663,'BHC치킨 군산대명중앙점','떡볶이','-','BHC치킨 군산대명중앙점, 치킨,닭강정','12:00 - 24:00','-',4.31),(664,'공휴일','nan','0507-1305-3475','전북 군산시 옥도면 신시도3길 28','11:00 - 18:00','화',4.48),(665,'동대문엽기떡볶이 군산나운점','떡볶이','-','동대문엽기떡볶이 군산나운점, 분식','11:00 - 22:00','-',4.19),(666,'짱구왕돈까스','nan','063-446-0134','전북 군산시 중정길 16 짱구왕돈까스 개복동9-13','11:30 - 19:30','-',4.23),(667,'춘천닭갈비직접뽑는막국수','갈비,닭발','0507-1316-4116','전북 군산시 상지곡2길 4','nan','-',4.41),(668,'거시기삼계탕','삼계탕','0507-1394-4911','전북 군산시 성산면 동군산로 275 삼계탕전문','11:30 - 15:00','-',4.57),(669,'온새미로','nan','063-462-7467','전북 군산시 신설2길 5-6 온새미로','12:00 - 21:30','-',4.28),(670,'또또꼬마김밥 군산미장점','떡볶이,어묵','0507-1311-2737','전북 군산시 미장10길 2 101호','08:00 - 20:00','월',0),(671,'고봉민김밥인 미룡점','돈까스','063-471-6776','전북 군산시 황룡안길 50 고봉민김밥인','07:30 - 20:00','일,월,토',4.38),(672,'바지락명가장가네','회,칼국수','063-466-2995','전북 군산시 비응동로 67','09:00 - 21:00','월,화',4.17),(673,'호남메밀막국수','nan','063-464-2324','전북 군산시 옥산면 대위로 137','11:00 - 20:00','-',4.42),(674,'군산순두부','nan','0507-1428-2070','전북 군산시 대학로 670','10:00 - 20:00','일',4.26),(675,'호돌이해물등뼈찜감자탕','nan','0507-1384-6675','전북 군산시 백릉로 151 더테라스상가 201호','11:30 - 22:00','일',0),(676,'동네중국집','우동,짜장,짬뽕','-','동네중국집, 중식당','nan','-',4.45),(677,'바나나팩토리','nan','0507-1404-9479','전북 군산시 개정면 번영로 461','00:00 - 00:10','화,수,목,금,토,일',4.56),(678,'바른초밥 본점','초밥','0507-1328-1919','전북 군산시 수송안5길 9 바른초밥','11:00 - 21:00','일',4.56),(679,'아제스시','초밥','0507-1422-1445','전북 군산시 수송안3길 3-7','17:00 - 24:00','일',4.22),(680,'황금어장','회','0507-1467-2266','전북 군산시 상지곡1길 20','11:30 - 22:00','일',4.32),(681,'뽕의신화짬뽕','수육,탕수육,짬뽕','063-463-1745','전북 군산시 부원로 21 고주몽','11:00 - 21:00','-',4.4),(682,'두찜 군산수송점','찜닭','063-465-8555','전북 군산시 축동안길 42-1','11:00 - 22:00','-',4.54),(683,'명륜진사갈비 군산소룡점','갈비,냉면','063-465-1566','전북 군산시 공항로 90','11:00 - 22:00','-',4.32),(684,'군산갈비','갈비,회','063-467-7208','전북 군산시 나운2길 38 2층201호','11:30 - 22:00','월',4.29),(685,'동명카츠 수송점','치킨','070-7543-0257','전북 군산시 축동로 31 동명카츠','11:00 - 20:30','일',4.47),(686,'BBQ치킨 군산조촌점','치킨','063-446-9285','전북 군산시 궁포안2길 12 12, 101호','nan','-',4.36),(687,'BBQ치킨 군산미장점','치킨','0504-3142-2488','전북 군산시 미장남로 10 군산미장아이파크','13:00 - 24:00','-',4.47),(688,'이차돌 군산수송점','nan','063-464-3535','전북 군산시 수송북로 34','nan','-',4.32),(689,'자담치킨 군산내흥구암점','치킨','0507-0094-0764','전북 군산시 정자로 13 단지내 상가 2동 104호','15:00 - 23:30','월',4.39),(690,'유로코피자 군산점','피자','0507-0094-0744','전북 군산시 궁포3로 14 하늘빌딩 107호 유로코피자','12:00 - 24:00','-',4.37),(691,'바비후','nan','063-462-8788','전북 군산시 공항로 58 바비후','nan','-',4.59),(692,'보통날카페','nan','063-445-6046','전북 군산시 월명로 454 1층 보통날 카페','11:00 - 20:30','화',0),(693,'제임스시카고피자 군산수송점','피자,불고기','063-465-0979','전북 군산시 동수송4길 19','11:00 - 21:00','월',4.38),(694,'리엔차이','수육,짜장,탕수육,짬뽕','0507-0090-1648','전북 군산시 동수송3길 5','11:00 - 19:50','화',4.19),(695,'교촌치킨 미장수송점','치킨','0507-0090-0417','전북 군산시 동수송9길 16','nan','-',4.17),(696,'크래프트월명','nan','0507-1491-2163','전북 군산시 해망로 146-24 1층 1호','16:00 - 24:00','수',0),(697,'동이트는집','추어탕','063-462-9234','전북 군산시 대학로 416','10:00 - 21:00','-',4.63),(698,'프랭크버거 군산수송점','nan','063-466-8892','전북 군산시 월명로 254 모나코빌딩 107호','10:30 - 23:30','-',0),(699,'구운산','라면,장조림','0507-1498-6644','전북 군산시 구영3길 47','16:00 - 24:00','월',0),(700,'술독 군산점','두부김치','063-463-4758','전북 군산시 동수송8길 24 상가 1층 술독','nan','-',4.45),(701,'홍대코코로 롯데몰 군산점','nan','0507-1310-0360','전북 군산시 조촌로 130 롯데아울렛 군산점 3층','11:00 - 21:00','-',4.23),(702,'금강꽃게장','nan','-','금강꽃게장, 게요리','11:30 - 20:00','-',4.21),(703,'투썸플레이스 군산나운점','nan','063-461-0096','전북 군산시 수송로 123','08:30 - 23:00','-',0),(704,'금강꽃게장','nan','-','금강꽃게장, 게요리','11:30 - 20:00','-',4.21),(705,'투썸플레이스 군산나운점','nan','063-461-0096','전북 군산시 수송로 123','08:30 - 23:00','-',0),(706,'현','갈비','063-465-9555','전북 군산시 신평1길 11-5 1층','17:00 - 21:00','일,월',0),(707,'파티시에르','nan','0507-1370-0136','전북 군산시 팔마로 123 파티시에르','10:00 - 19:00','일',4.69),(708,'소문난분식','잡채','010-3930-1261','전북 군산시 신금길 18 1073호','07:30 - 19:00','일',4.61),(709,'우정명태','튀김','063-467-2490','전북 군산시 하신1길 12 우정명태 본점','12:00 - 21:00','일',4.37),(710,'카페솔보','nan','010-4105-7871','전북 군산시 동령길 46 1층','11:00 - 22:00','-',4.68),(711,'메가MGC커피 명산1호점','nan','063-910-2304','전북 군산시 월명로 460-2','08:00 - 22:00','-',4.37),(712,'황태가맥사람들 군산본점','nan','063-465-1093','전북 군산시 축동안길 65 황태가맥사람들','nan','-',4.36),(713,'센스','nan','0507-1327-4367','전북 군산시 동수송6길 8','nan','-',4.58),(714,'더본감자탕 조촌직영점','뼈해장국','063-451-6111','전북 군산시 번영로 151','08:00 - 23:00','수',4.27),(715,'고가네왕족발보쌈 군산점','족발','0507-0090-0408','전북 군산시 조촌2길 34','nan','월',4.21),(716,'한오백년추어탕 군산직영점','튀김,추어탕','063-452-2334','전북 군산시 월명로 233','11:00 - 21:00','일',4.38),(717,'파르베 레스토랑','nan','0507-1311-7018','전북 군산시 은파순환길 20','11:30 - 21:30','-',0),(718,'도도과자점','nan','0507-1352-2987','전북 군산시 월명로 420 1층 도도과자점','11:30 - 18:30','월,일',0),(719,'달인연탄구이','삼겹살','063-466-8082','전북 군산시 동수송5길 15','nan','-',4.68),(720,'Ohbe\"\"\"\"','nan','-','전북 군산시 구영2길 43-6 Oh be','11:00 - 18:30','월',0),(721,'원할머니보쌈족발 군산나운점','보쌈,족발','0507-0090-1698','전북 군산시 공단대로 398','11:00 - 23:30','-',4.34),(722,'에그드랍 군산수송점','샌드위치','063-462-0205','전북 군산시 수송로 200','08:00 - 21:00','-',4.35),(723,'히노아지 군산점','우동,어묵,카레,튀김','063-442-3936','전북 군산시 우체통거리2길 44-1','11:00 - 19:00','일',4.66),(724,'동대문엽기떡볶이 군산미룡점','떡볶이,닭볶음탕','0507-0090-0440','전북 군산시 황룡안길 50','10:00 - 22:50','-',4.44),(725,'킹스타피자 나운점','피자','0507-0094-0734','전북 군산시 수송로 71 상가동103호','10:00 - 23:00','월,월',4.64),(726,'까페미원동','nan','0507-1425-1189','전북 군산시 풍문2길 5-2','10:00 - 22:00','-',4.41),(727,'버거킹군산수송점','햄버거,치킨,불고기','-','버거킹군산수송점, 햄버거','10:00 - 22:00','-',4.34),(728,'어도원','회,아구찜','-','어도원, 일식당','11:30 - 22:00','-',4.35),(729,'카페봄꿈','nan','0507-1310-3314','전북 군산시 검다메2길 10 카페봄꿈','10:00 - 21:00','일,일',0),(730,'황금박대반점','짜장,짬뽕','063-464-8570','전북 군산시 옥구읍 옥구남로 3','11:00 - 15:00','수,수',4.19),(731,'브루딩','nan','0507-1325-2965','전북 군산시 구영6길 74-1','11:00 - 18:00','수',0),(732,'맛나다한끼','nan','063-442-8787','전북 군산시 싸전길 4 맛나다 한끼','11:30 - 14:30','일',4.28),(733,'군산순대국밥','김치찌개,순대','-','군산순대국밥, 순대,순댓국','nan','-',4.37),(734,'만다린','수육,짜장면,짜장,탕수육,짬뽕','0507-0090-1652','전북 군산시 공단대로 449','11:00 - 21:00','화',4.03),(735,'군산횟집','nan','063-466-3115','전북 군산시 비응남로 1 1층','10:00 - 22:00','-',3.83),(736,'피자헛 군산본점','피자,치킨,불고기','063-462-4573','전북 군산시 공단대로 397','11:00 - 23:00','수',4.41),(737,'새우나라','nan','063-464-4592','전북 군산시 문화로 119','16:00 - 21:00','일',3.9),(738,'김밥생각 수송점','nan','-','김밥생각 수송점, 김밥','nan','-',4.3),(739,'빈타이 롯데몰군산점','nan','063-447-0288','전북 군산시 조촌로 130','11:00 - 21:00','-',4.27),(740,'한라산푸줏간','냉면','0507-1364-0202','전북 군산시 번영로 376','15:00 - 21:00','화',4.19),(741,'국수나무 군산수송점','짬뽕','063-468-9060','전북 군산시 월명로 260 백산빌딩 1층','10:00 - 21:00','일',4.19),(742,'해,바람','nan','0507-1378-6842','전북 군산시 대야면 보덕안정길 61-7','10:00 - 18:00','월,화,수,목,금',4.56),(743,'접시꽃보쌈군산점','보쌈','063-467-5711','전북 군산시 축동2길 39-4','11:30 - 23:00','-',4.46),(744,'군산일식','회','063-468-8100','전북 군산시 부곡1길 7','nan','-',4.18),(745,'포메인 군산점','쌀국수','-','포메인 군산점, 베트남음식','11:00 - 21:00','-',0),(746,'이삭토스트 군산롯데점','토스트','063-463-2472','전북 군산시 하나운로 37 1층 이삭토스트 군산롯데점','08:00 - 20:00','월',4.59),(747,'밀회관 군산수송점','치킨','063-461-4200','전북 군산시 동수송6길 21 1층','17:00 - 23:00','일',0),(748,'소호객잔','짜장면,짜장,짬뽕','0507-0090-1676','전북 군산시 칠성6길 179','11:00 - 20:00','월',4.05),(749,'자미원','수육,짜장,탕수육,짬뽕','0507-0094-0728','전북 군산시 상지곡안2길 17-3','10:30 - 19:40','수',4.36),(750,'으뜸이야 나운점','김치볶음밥','063-461-3382','전북 군산시 하나운로 71-1 나운동 으뜸이야','08:00 - 22:00','일',4.29),(751,'은해곱창','갈비,닭발,곱창','0507-1380-0170','전북 군산시 공단대로 574','16:30 - 23:00','일',4.17),(752,'카페 오래뜰','nan','070-8671-1343','전북 군산시 개정면 개정문화길 61-19','10:00 - 19:00','화',4.65),(753,'해무','nan','-','전북 군산시 구영5길 104-13','nan','일,일',4.85),(754,'화화돼지왕갈비 군산점','삼겹살,갈비','0507-1352-5392','전북 군산시 문화로 51 1층','16:30 - 23:30','화',0),(755,'온정','회,장조림','0507-1345-8704','전북 군산시 구영7길 133','17:00 - 23:00','일',0),(756,'양누리','갈비','063-464-4450','전북 군산시 월명로 249 노스페이스 건물 3층 앙누리','14:00 - 23:00','-',4.32),(757,'족발야시장 군산미장점','보쌈,족발','063-453-4969','전북 군산시 미장1길 38 102호,103호','nan','-',4.35),(758,'청춘연어','초밥','0507-1401-1269','전북 군산시 미제1길 6','nan','-',4.36),(759,'착한낙지 군산점','부침개','0507-0090-7175','전북 군산시 미장길 97-2','10:00 - 20:00','-',4.17),(760,'세상갈비','갈비','063-446-6007','전북 군산시 조촌로 163 세상갈비','11:30 - 22:00','-',0),(761,'장자도원','회','0507-1313-5191','전북 군산시 옥도면 장자도1길 18 장자도원 횟집 펜션','10:00 - 21:00','수',4.28),(762,'중동연탄구이','삼겹살,갈비','-','중동연탄구이, 육류,고기요리','nan','월',4.5),(763,'예술냉면 해물칼국수','냉면,칼국수','0507-1314-0882','전북 군산시 남수송5길 22 예술냉면 해물칼국수','11:30 - 20:30','월',0),(764,'메인쿤브루잉','떡볶이','0507-1442-1580','전북 군산시 해망로 146-24 1층 4호','12:00 - 23:00','-',0),(765,'정담','nan','-','정담, 맥주,호프','nan','-',3.45),(766,'노마드','nan','0507-1328-0640','전북 군산시 수송3길 9 1층','10:00 - 22:00','월',0),(767,'카페또','쿠키','0507-1384-8382','전북 군산시 비응남로 89 1층','10:00 - 17:00','-',4.55),(768,'돼랑이곱창삼겹살','삼겹살,곱창','0507-1330-3592','전북 군산시 오룡로 4 돼랑이곱창삼겹살','16:00 - 24:00','일',3.96),(769,'옛촌막걸리 나운동점','nan','0507-1409-8695','전북 군산시 하신1길 14 아와비','nan','-',4.25),(770,'이소곰탕','떡국','-','이소곰탕, 곰탕,설렁탕','06:00 - 15:00','-',4.47),(771,'사계절꽃게무침','회','-','사계절꽃게무침, 게요리','nan','-',4.21),(772,'어부네','회','063-468-7292','전북 군산시 칠성로 200 1층 (소룡동)','16:00 - 22:00','일',4.38),(773,'어촌계횟집','라면,회','010-6886-9826','전북 군산시 옥도면 장자도1길 2-6','10:00 - 22:00','-',3.58),(774,'안영순베이커리카페','nan','063-462-3239','전북 군산시 동지곡길 171 안영순베이커리카페','09:00 - 22:00','-',4.14),(775,'햇살마루','nan','-','햇살마루, 오리요리','10:00 - 22:00','-',4.4),(776,'라셀','nan','-','라셀, 베이커리','nan','월',4.49),(777,'대야한우농장정육점및음식점','갈비,갈비탕,회','063-451-5252','전북 군산시 대야면 대야관통로 90 대야한우농장','10:30 - 21:00','-',4.24),(778,'돈방석숯불갈비','갈비,냉면,불고기','063-465-4092','전북 군산시 월명2길 10','11:30 - 22:00','-',4),(779,'금송횟집','회','0507-1378-6038','전북 군산시 남수송6길 7 1층','10:00 - 22:00','-',4.18),(780,'군산야미','튀김','063-468-5859','전북 군산시 칠성안1길 44','nan','-',4.31),(781,'춘천닭갈비','갈비,닭발','063-453-9982','전북 군산시 진포로 87 서준빌딩 1층','11:00 - 22:00','일',4.21),(782,'옥경이국밥','순대','063-462-1410','전북 군산시 옥산면 산성로 225-1 옥경이국밥','10:30 - 19:30','일',4.38),(783,'추억의연탄갈비 나운점','갈비','063-465-8004','전북 군산시 문화안길 4','16:30 - 23:00','일',4.44),(784,'웨이브','nan','0507-1419-0412','전북 군산시 법원로 57 104호','08:00 - 19:00','일',0),(785,'군산순대국밥','김치찌개,순대','-','군산순대국밥, 순대,순댓국','nan','-',4.37),(786,'선미집','nan','-','선미집, 매운탕,해물탕','10:00 - 20:00','-',4.5),(787,'내갈비','갈비','063-465-7707','전북 군산시 부원로 13 내갈비','11:00 - 21:30','-',4.26),(788,'부대통령뚝배기 군산대점','갈비,순두부찌개,부대찌개','063-461-6667','전북 군산시 황룡안길 6','nan','-',4.73),(789,'지미원','nan','-','지미원, 떡,한과','12:00 - 19:30','-',4.83),(790,'커피벨트','nan','063-442-7942','전북 군산시 구영6길 85 1층','11:00 - 20:00','-',4.62),(791,'다향','nan','0507-1314-1613','전북 군산시 상지곡안4길 28 다향찻집','11:00 - 22:00','월,월',0),(792,'군산청춘호텔','nan','0507-1383-6023','전북 군산시 나운로 133 상가102호 군산청춘호텔','nan','월',4.64),(793,'다올섬','갈비,갈비탕,회','0507-1423-9195','전북 군산시 백릉로 253','11:00 - 22:00','-',4.82),(794,'남촌칼국수','칼국수,불고기','063-445-3433','전북 군산시 성산면 철새로 31 철새로 31 105호','11:00 - 15:00','-',4.28),(795,'진미면막국수 은파직영점','nan','0507-1325-5414','전북 군산시 백토로 284-9','11:00 - 15:00','월',0),(796,'시골막국수','칼국수','0507-1407-5174','전북 군산시 중앙로 56','09:00 - 21:00','-',4.43),(797,'굽네치킨 군산조촌점','피자,치킨','063-452-9492','전북 군산시 번영로 86','nan','-',4.43),(798,'돈부리야','가츠동','070-4400-7717','전북 군산시 나운안1길 9-5','11:30 - 21:00','목',4.5),(799,'민선초가설렁탕','갈비,수육','063-465-8884','전북 군산시 부곡4길 12-2','00:00 - 24:00','-',4.16),(800,'불타는구공탄','오겹살,갈비,김치찌개','-','불타는구공탄, 육류,고기요리','17:00 - 24:00','-',4.43),(801,'한가로이','nan','063-443-3886','전북 군산시 강변로 1','12:00 - 20:00','-',4.38),(802,'참치본가','nan','063-464-3789','전북 군산시 부곡4길 26-5 조여사 백반 전문','17:00 - 24:00','-',4.6),(803,'콩깍지콩나물국밥','김치찌개,뼈해장국,콩나물국','-','콩깍지콩나물국밥, 국밥','00:00 - 24:00','-',4.36),(804,'일송','회','063-468-8904','전북 군산시 현충로 93-3','11:00 - 22:00','일',0),(805,'깐깐한족발 군산수송점','족발','0507-0094-0758','전북 군산시 동수송6길 7','16:00 - 24:00','-',0),(806,'이모네연탄구이','삼겹살,갈비','0507-1326-5207','전북 군산시 부곡1길 42 이모네연탄구이','16:00 - 23:00','-',4.43),(807,'읍천리382 군산수송점','nan','-','읍천리382 군산수송점, 카페','09:00 - 21:00','-',4.37),(808,'커피틱톡','nan','0507-1392-0104','전북 군산시 구암3.1로 91-77 2층','10:00 - 22:00','-',0),(809,'티티카카','nan','-','티티카카, 카페','11:00 - 24:00','-',4.43),(810,'BHC치킨 군산수송롯데점','떡볶이','0507-0090-0402','전북 군산시 축동안길 37 수송제일아파트 109-109','nan','-',4.4),(811,'선유도활어회센타','회','010-9411-6811','전북 군산시 옥도면 선유북길 73','09:00 - 22:00','일',0),(812,'월미당','nan','0507-1304-3726','전북 군산시 구영3길 30','17:00 - 24:00','일',4.22),(813,'교촌치킨 지곡점','nan','063-465-1993','전북 군산시 백토로 231','a','nan',4.31),(814,'카페 남다른데일리','쿠키,샌드위치','0507-1372-8189','전북 군산시 미장남로 111-7','10:00 - 22:00','일',4.4),(815,'스칼렛아워','nan','0507-1316-3530','전북 군산시 수송안1길 7-7 1층(수송동)','10:30 - 21:00','토',0),(816,'호떡당','호떡','-','전북 군산시 옥도면 장자도1길 81','09:00 - 18:00','-',4.2),(817,'짬짜왕','수육,짜장면,짜장,탕수육,짬뽕','070-4178-3310','전북 군산시 진포로 183 1층 짬짜왕','10:30 - 20:30','일',4.44),(818,'엘투와이투카페','nan','0507-1421-5119','전북 군산시 월명1길 15-3 1층','07:30 - 21:00','-',0),(819,'엄마손칼국수','nan','-','엄마손칼국수, 칼국수,만두','nan','-',0),(820,'산골밥상','쌈밥','063-466-2922','전북 군산시 설림5길 24','11:00 - 21:00','-',4.35),(821,'윤씨네24시해장국','육개장','063-464-6700','전북 군산시 부곡5길 19','00:00 - 24:00','월',4.11),(822,'성원식당','갈비,김치찌개,된장찌개','063-446-9791','전북 군산시 구영3길 59 성원식당','10:00 - 21:00','-',4.31),(823,'곱창과저팔계','갈비,곱창','0504-0544-0013','전북 군산시 하신1길 14 1층','nan','-',4.56),(824,'불로만치킨바베큐','nan','0507-0090-7263','전북 군산시 미장7길 15 1층','17:00 - 23:30','-',0),(825,'샤브쌈주머니 군산점','어묵','063-463-7016','전북 군산시 수송로 315','11:00 - 21:30','-',4.39),(826,'엔제리너스 군산소룡DT점','nan','063-464-0020','전북 군산시 공단대로 599 엔제리너스','08:30 - 22:00','-',4.4),(827,'카롱하우스','nan','010-4579-7130','전북 군산시 수송로 86','11:00 - 21:00','일',4.47),(828,'엔제리너스은파유원지점','반미,불고기','063-467-1199','전북 군산시 백토로 284-35','09:00 - 23:00','-',4.25),(829,'심야식당쥬라이','짬뽕','063-911-7517','전북 군산시 동수송6길 22','nan','월',4.61),(830,'79대포 군산미장파인빌점','회','-','79대포 군산미장파인빌점, 포장마차','nan','-',4.5),(831,'교촌치킨 구암조촌점','nan','0507-0090-0415','전북 군산시 궁포1로 24-5 108호 교촌치킨 구암조촌점','12:00 - 24:00','-',4.08),(832,'가소','갈비,회','063-442-3132','전북 군산시 경암로 58 쟁기마을','12:00 - 22:30','-',4.29),(833,'마코토회전초밥','초밥,회','063-468-8879','전북 군산시 백토로 198 롯데시네마 2층','12:00 - 22:00','-',4.12),(834,'케크케크','nan','0507-1350-2155','전북 군산시 상지곡1길 45 1층 케크케크','12:00 - 19:00','월,일',0),(835,'북한강쭈꾸미볶음','튀김','063-467-1141','전북 군산시 남수송3길 41','11:00 - 21:00','월',4.38),(836,'예인촌','칼국수','063-445-8307','전북 군산시 구영6길 50 예인촌','10:00 - 21:00','-',0),(837,'창신호','회','010-9982-9510','전북 군산시 옥도면 어청도길 61-1','nan','-',0),(838,'구프오프','nan','-','전북 군산시 수송안3길 15','13:00 - 21:00','월,화',4.71),(839,'서진해물곱돌솥밥','계란찜,아귀찜','-','서진해물곱돌솥밥, 한식','10:00 - 21:00','-',3.93),(840,'류대감생합칼국수','칼국수','063-452-6055','전북 군산시 신평안길 46-10 류대감칼국수','11:00 - 20:00','일',4.36),(841,'프로토타입','샌드위치,라자냐','063-443-2331','전북 군산시 둔율1길 2 1층','17:00 - 21:00','일,r',4.75),(842,'약수터','수육,감자튀김,탕수육,치킨,튀김','0507-1318-6314','전북 군산시 나운로 43 현대2차아파트 상가 1층 101호','16:00 - 24:00','-',0),(843,'12동파수산','회','-','12동파수산, 수산물','nan','월',4.36),(844,'월명초밥','초밥','010-5882-1222','전북 군산시 구영5길 25','12:00 - 22:00','월,일',4.84),(845,'굽네치킨 수송미장점','피자,치킨','063-466-9294','전북 군산시 축동로 27 1층 102호 굽네치킨','nan','-',4.36),(846,'지곡한우','갈비','063-471-5592','전북 군산시 신지길 58','11:30 - 22:00','일,일',4.3),(847,'더갈비 구암점','갈비','0507-1454-2444','전북 군산시 백릉로 269','11:30 - 22:00','화',0),(848,'원할머니보쌈족발 군산수송점','보쌈','0507-0090-1618','전북 군산시 월명로 241 삼성디지털프라자 2층','11:00 - 23:00','-',4.35),(849,'피자스쿨 군산대점','피자','063-468-9559','전북 군산시 황룡2길 8 피자스쿨군산대점','11:00 - 21:00','월',4.05),(850,'맛있는하우스','갈비,갈비찜','0507-0090-7862','전북 군산시 옥도면 장자도2길 59','09:00 - 21:00','-',0),(851,'아프리카커피초콜릿 케냐점','nan','063-467-1541','전북 군산시 남수송6길 10','nan','-',4.49),(852,'맥시칸치킨 군산중앙점','치킨','-','맥시칸치킨 군산중앙점, 치킨,닭강정','nan','-',4.57),(853,'군산실비횟집','nan','063-445-9135','전북 군산시 거석길 10','11:30 - 21:00','일,일',4.1),(854,'맥시칸치킨 군산중앙점','치킨','063-471-9919','맥시칸치킨 군산중앙점, 치킨,닭강정','nan','일',4.57),(855,'또리분식전문점','순대,순대볶음','-','또리분식전문점, 종합분식','12:00 - 20:00','-',4.44),(856,'이비가짬뽕 미장점','수육,짜장,탕수육,짬뽕','063-451-7789','전북 군산시 공단대로 85 존슨열차단선팅','11:00 - 21:00','-',4.45),(857,'명태어장 군산수송점','nan','063-464-7700','전북 군산시 수송안11길 19','11:00 - 22:00','-',4.26),(858,'들머리순대국밥','순대,콩나물국,곱창','-','들머리순대국밥, 순대,순댓국','08:00 - 22:00','-',4.41),(859,'우노','라자냐','0507-1327-7623','전북 군산시 구영5길 118-4 1층','11:30 - 24:00','월,월',0),(860,'미룡동커피','nan','063-732-0405','전북 군산시 황룡로 53','08:00 - 21:00','-',4.82),(861,'바르미샤브샤브칼국수','칼국수','0507-1417-1707','전북 군산시 수송로 185 4층','11:00 - 21:00','-',4.35),(862,'NNNC','nan','063-462-1215','전북 군산시 월명로 491 1층 NNNC','12:00 - 22:00','월,화',4.54),(863,'Sequence coffee lab','스프','0507-1349-9295','전북 군산시 동수송8길 19-1 1층','12:00 - 21:00','화',4.5),(864,'청산횟집','회','063-471-5682','전북 군산시 남수송5길 8-8 (수송동)','11:30 - 21:30','월',0),(865,'요마이거트 군산본점','nan','0507-1434-1059','전북 군산시 나운2길 38','12:00 - 19:00','-',4.91),(866,'후라이드참잘하는집 나운점','치킨','063-464-7710','전북 군산시 나운로 77 1층 107호','nan','-',4.34),(867,'79대포 군산나운점','회','010-5654-2311','전북 군산시 나운안1길 7 1층','nan','-',4.45),(868,'뷔페식한식당 대박','삼겹살','0507-1331-0028','전북 군산시 동아로 36','06:00 - 19:30','일,일',3.88),(869,'짬뽕일번지','수육,탕수육','063-468-9444','전북 군산시 부곡5길 18 짬뽕일번지','nan','일',4.22),(870,'PAGE1','돈까스','0507-1354-5234','전북 군산시 은파순환길 174-4','11:00 - 21:00','일,일',0),(871,'오니라','치킨','063-465-9995','전북 군산시 진포3길 17 오니라','10:00 - 16:00','토,일',4.22),(872,'공만치킨 디오션점','치킨','-','공만치킨 디오션점, 치킨,닭강정','16:00 - 24:00','-',0),(873,'구이쟁이 군산수송점','삼겹살','063-467-9272','전북 군산시 동수송7길 2 1층 구이쟁이','15:00 - 23:00','월,수',4.02),(874,'급랭상회 수송점','삼겹살','0507-1348-8305','전북 군산시 동수송4길 4','16:00 - 24:00','-',0),(875,'크리스피크림도넛 군산수송로점','nan','063-734-0001','전북 군산시 수송로 257 1층','09:00 - 21:00','-',4.42),(876,'사쿠라 일식','회','063-464-8466','전북 군산시 상지곡3길 3 청정원유통','11:30 - 22:00','-',4.5),(877,'라모크커피공장 군산점','nan','0507-1384-1262','전북 군산시 양안로 19','09:00 - 18:00','일',0),(878,'연돈볼카츠 군산수송점','nan','-','연돈볼카츠 군산수송점, 돈가스','10:30 - 21:00','-',0),(879,'고소미분식&도시락 수송점','우동,떡볶이,김치볶음밥,돈까스','063-464-9494','전북 군산시 수송안7길 40 1층','08:30 - 22:00','일',4.17),(880,'락원','불고기','-','락원, 한정식','11:00 - 20:00','-',4.2),(881,'일번지장어','nan','0507-1306-0814','전북 군산시 나운안3길 5 2층','16:00 - 21:30','화',4.36),(882,'커피사랑 초원사진관점','nan','0507-1358-2702','전북 군산시 구영3길 45 1층','10:00 - 19:00','월,화',0),(883,'신짱포차','치킨,튀김','-','신짱포차, 포장마차','nan','-',4.29),(884,'네모선장 군산점','회','0507-1314-8846','전북 군산시 진포로 205','10:00 - 22:00','월',0),(885,'샌디','파니니,샌드위치','0507-1352-0874','전북 군산시 수송동로 11 축복빌 103호','09:00 - 19:00','일',0),(886,'몽실정','nan','063-453-8184','전북 군산시 신촌2길 4-6','10:30 - 20:00','-',3.95),(887,'카페 미장','nan','0507-1366-1580','전북 군산시 미장6길 43','07:00 - 22:00','월',4.3),(888,'태정만두석갈비','갈비','-','태정만두석갈비, 소고기구이','11:00 - 21:00','-',4.5),(889,'김대감안동찜닭','찜닭','-','김대감안동찜닭, 찜닭','10:30 - 22:00','-',4.59),(890,'제일원','우동,수육,짜장면,짜장,탕수육,짬뽕','-','제일원, 중식당','11:00 - 19:00','-',4.21),(891,'BBQ미룡점','치킨','0504-3142-1863','전북 군산시 미룡로 22','12:00 - 23:00','-',4.53),(892,'노방촌','갈비','-','노방촌, 한식','11:00 - 21:30','-',3.89),(893,'샐럽스프&그릭요거트 미장점','스프,샌드위치','0507-1492-7958','전북 군산시 수송로 336 105호','07:00 - 20:30','-',4.82),(894,'해물나라','nan','070-5111-1349','전북 군산시 칠성안2길 37','nan','-',0),(895,'맛스넥하우스','순대,순대볶음','-','맛스넥하우스, 한식','nan','-',4.35),(896,'썸띵블루','쿠키','0507-1342-6541','전북 군산시 경촌안2길 50 104호 썸띵블루','13:00 - 22:00','월,화',4.45),(897,'양평해장국 군산점','nan','-','양평해장국 군산점, 해장국','nan','-',4.16),(898,'라임이즈','nan','0507-1327-8300','전북 군산시 조촌로 110 라임이즈','11:00 - 19:00','일',0),(899,'청해물회굴찜','회','0507-1328-4742','전북 군산시 미장안7길 16 C동 102호','11:30 - 22:00','-',4.1),(900,'카셰뜨','nan','0507-1398-8828','전북 군산시 수송안11길 32 1층 카셰뜨','11:00 - 20:00','월,화,수,목,금',0),(901,'전주고구마순감자탕','nan','0507-0090-1612','전북 군산시 나운4길 17','11:00 - 21:00','화',4.23),(902,'영동카페','nan','0507-1319-5808','전북 군산시 영동로 30','11:00 - 21:00','-',4.71),(903,'돈기부여 군산점','nan','0507-1360-0626','전북 군산시 수송5길 6 1층 돈기부여','11:00 - 21:00','-',4.5),(904,'군산카레시장통닭','카레','0507-1357-9286','전북 군산시 축동안3길 3 105호','09:00 - 22:00','화',0),(905,'시골통닭','치킨','063-468-8292','전북 군산시 수송로 119 1층 시골통닭','nan','일',4.46),(906,'배떡 군산점','떡볶이,짜장','063-453-7857','전북 군산시 번영로 74 1층 101호','11:00 - 21:00','-',4.49),(907,'cafe esther','nan','010-8537-2537','전북 군산시 미장남로 111-5 1층 카페에스더','11:30 - 22:00','-',4.58),(908,'군산한우촌','갈비,갈비탕,회','063-465-6969','전북 군산시 대학로 649','10:00 - 22:00','-',4.35),(909,'청년다방 군산나운점','떡볶이,돈까스','-','청년다방 군산나운점, 분식','11:00 - 22:00','-',4.43),(910,'은행나무갈매기 군산5호점','갈비','063-465-7755','전북 군산시 공단대로 583','11:00 - 23:00','-',4.34),(911,'명륜진사갈비 군산조촌점','갈비','063-445-8500','전북 군산시 진포로 211','11:00 - 22:00','-',4.36),(912,'개코포차','계란말이','0507-1333-0538','전북 군산시 하신1길 22','15:00 - 23:50','-',4.57),(913,'낙곱새 부대장부대찌개','부대찌개','0507-0090-7182','전북 군산시 칠성로 144 (산북동)','11:00 - 24:00','-',5),(914,'지코바 수송점','nan','0507-0093-5051','전북 군산시 축동안길 51 중앙여고방면 상가맨끝','nan','-',4.67),(915,'영화식당','된장찌개','-','영화식당, 한식','10:00 - 18:00','-',4.53),(916,'더파티스타','초밥','063-464-5579','전북 군산시 월명로 254 모나코빌딩 3층','10:00 - 20:00','-',4.02),(917,'소신','nan','0507-1394-8317','전북 군산시 동수송4길 18 1층','nan','월',5),(918,'수원성','갈비,된장찌개','063-453-0002','전북 군산시 월명로 281','10:00 - 22:00','-',4.14),(919,'교촌치킨 나운1호점','치킨','063-468-5545','전북 군산시 나운로 82 교촌치킨','12:00 - 23:30','-',4.27),(920,'순돌이네통닭집','누룽지,콘치즈','0507-1327-9986','전북 군산시 나운안길 36 2동 104호','nan','일',4.91),(921,'하이난 아일랜드','nan','010-9369-0386','전북 군산시 수송로 128 하이난 아일랜드','11:00 - 21:00','-',4.33),(922,'밀카페','스프','0507-1393-2234','전북 군산시 나운안1길 35 밀카페','11:00 - 23:00','화',4.56),(923,'오늘의디저트','nan','0507-1339-1685','전북 군산시 하나운2길 35','09:30 - 22:30','일',0),(924,'가보자','삼겹살,수육','0507-1400-4922','전북 군산시 구영7길 72 가보자','11:00 - 21:00','일',4.4),(925,'아빠애족발','족발','0507-0093-7548','전북 군산시 미룡로 12','nan','-',4.25),(926,'곱창고 군산수송점','곱창','063-465-9779','전북 군산시 동수송4길 15','nan','-',4.29),(927,'샐러빗','nan','0507-1429-5612','전북 군산시 해망로 21 2층','11:00 - 19:00','일,월',5),(928,'플랫앤웨이브','쿠키','-','전북 군산시 월명로 402 플랫앤웨이브카페','10:30 - 18:00','월,화',0),(929,'칭타오 미룡점','수육,짜장,탕수육,짬뽕','0507-0093-7495','전북 군산시 미제길 41 1층 칭타오','10:30 - 20:30','목',4.26),(930,'부활냉면','어묵,냉면,칼국수','-','부활냉면, 냉면','11:30 - 21:00','-',4.25),(931,'소복집 옛날통닭','치킨,튀김','063-467-8550','전북 군산시 공항로 69','13:00 - 24:00','-',4.48),(932,'정수산조개찜','nan','010-3726-6437','전북 군산시 미장남로 61','16:00 - 24:00','-',0),(933,'한솥도시락 군산대앞점','돈까스','063-461-0158','전북 군산시 대학로 539 굿모닝빌딩','08:00 - 21:00','일',4.47),(934,'금강해물마당','회','063-467-9084','전북 군산시 소룡2길 52','16:00 - 24:00','-',4.31),(935,'월명도시락','nan','0507-1490-1287','전북 군산시 상지곡안2길 7-1','10:30 - 20:00','월,일',0),(936,'굽네치킨 산북소룡점','피자,치킨','063-465-9482','전북 군산시 칠성로 129','12:00 - 24:00','-',4.47),(937,'행복한집','갈비,냉면,갈비탕,삼계탕,불고기','063-467-6565','전북 군산시 서수송1길 47 행복한집','11:00 - 21:30','일',4.3),(938,'수목원','nan','063-445-5330','전북 군산시 구영5길 81 수목원','11:00 - 22:00','-',4.47),(939,'할리스 군산수송점','nan','-','할리스 군산수송점, 카페','nan','-',4.26),(940,'두끼 군산나운점','nan','063-465-2776','전북 군산시 수송로 86 YesT','11:00 - 20:00','-',4.32),(941,'고봉민김밥인 군산 조촌점','돈까스','063-446-2480','전북 군산시 궁포1로 24-5 세종빌딩Ⅱ 104호','09:00 - 21:00','월,월',4.37),(942,'반하다케이크','nan','063-465-0227','전북 군산시 하나운로 37 반하다','00:00 - 20:00','일',4.32),(943,'물빛마을해물왕파전','골뱅이무침','063-471-5563','전북 군산시 은파순환길 76','11:00 - 24:00','-',4.24),(944,'이비가짬뽕 군산산북점','수육,짜장,탕수육,짬뽕','0507-1404-7307','전북 군산시 해망로 657','10:30 - 20:00','-',4.12),(945,'한스델리 군산점','치킨,치킨마요덮밥','0507-0090-7259','전북 군산시 서수송안1길 10 1층','08:00 - 23:00','월',4.09),(946,'더본감자탕 군산직영점','뼈해장국','063-464-6111','전북 군산시 공단대로 635','nan','-',4.17),(947,'맘스터치 군산수송점','햄버거,치킨,불고기','-','맘스터치 군산수송점, 치킨,닭강정','10:00 - 23:00','-',4.37),(948,'오브메르','nan','0507-1358-9097','전북 군산시 해망로 146-15','11:00 - 19:00','월,월',4.53),(949,'루나리스','nan','0507-1382-6116','전북 군산시 임피면 중전길 19-5','10:00 - 21:00','-',4.36),(950,'이진표베이커리','피자,쿠키','063-446-7817','전북 군산시 경암로 63 궁전제과','nan','-',4.44),(951,'BBQ치킨 군산수송스타점','치킨','0504-3142-1804','전북 군산시 월명로 215 BBQ 수송점','11:00 - 23:00','-',4.24),(952,'시간무늬','nan','063-910-1916','전북 군산시 구영7길 30','08:00 - 16:00','수',4.31),(953,'땅스부대찌개 나운점','부대찌개','0507-0093-7524','전북 군산시 하나운로 76 102호','10:00 - 21:00','-',0),(954,'카페디데이','nan','0507-1371-1842','전북 군산시 수송남로 8 1층 카페디데이','11:00 - 21:00','월',0),(955,'BBQ치킨 군산나운행운점','치킨','0504-0544-9244','전북 군산시 수송로 37','12:00 - 24:00','-',4.4),(956,'돈구이가','회','0507-1426-9997','전북 군산시 남수송1길 5','11:00 - 22:00','일',0),(957,'BHC치킨 군산조촌점','떡볶이','063-443-9292','전북 군산시 백릉로 56','12:00 - 24:00','일',4.64),(958,'리에또정원','nan','0507-1454-8842','전북 군산시 부골2길 39','10:30 - 21:30','월',4.46),(959,'산오름','nan','0507-1427-9509','전북 군산시 구영7길 58 산오름','nan','일',0),(960,'쿤케이크','nan','0507-1391-8025','전북 군산시 문화로 70 1층','12:00 - 19:00','-',0),(961,'롯데리아 군산나운점','불고기','0507-1330-9202','전북 군산시 하나운로 73 1층','09:00 - 23:00','-',4.25),(962,'쪽찌 수송점','갈비,김치찌개,순두부찌개,동태찌개','063-471-9285','전북 군산시 동수송안길 45','16:00 - 24:00','-',4.28),(963,'꽃돼지삼겹살','삼겹살','063-462-9285','전북 군산시 수송로 21-1','nan','-',4.19),(964,'군산구불6-1길','nan','-','군산구불6-1길, 도보코스','nan','-',0),(965,'빽다방 군산조촌디오션점','nan','0507-1387-4338','전북 군산시 궁포3로 12 1층 103호','08:00 - 22:00','-',0),(966,'투썸플레이스 군산시청점','nan','063-451-2320','전북 군산시 조촌4길 3 하준빌딩 101호','08:30 - 22:00','-',4.43),(967,'청향국수','잔치국수,어묵,짬뽕','063-464-8343','전북 군산시 옥산면 대위로 64','11:00 - 19:00','월',4.28),(968,'응급실국물떡볶이 미장수송점','떡볶이','0507-1488-8119','전북 군산시 수송안9길 23','11:00 - 22:00','월',4.45),(969,'메가MGC커피 군산지곡점','nan','063-467-7784','전북 군산시 신지길 10 1층','08:00 - 22:00','-',4.43),(970,'핵밥 군산미장점','갈비','063-442-5677','전북 군산시 문화로 205 상가동 105~106호','11:00 - 23:00','-',4.56),(971,'할배국수','우동','0507-1384-5770','전북 군산시 구영6길 96 노란간판 할배국수','10:00 - 15:00','월',4.47),(972,'가든바베큐','삼겹살,갈비','0507-1441-3453','전북 군산시 옥산면 대위로 128','17:00 - 21:30','월',4.7),(973,'이화네갈비찜','갈비,갈비찜','063-471-8006','전북 군산시 칠성안1길 25','12:00 - 24:00','-',4.04),(974,'카페','nan','063-464-9080','전북 군산시 옥산면 옥산로 232 카페, 옥산리','09:00 - 21:00','화',0),(975,'더꼬치다 군산점','삼겹살','063-465-9726','전북 군산시 나운로 16 1층(나운동)더꼬치다','nan','-',4.18),(976,'연안식당 군산수송점','nan','0507-1477-7779','전북 군산시 수송로 213 1층','10:30 - 23:00','월',4.24),(977,'원풍갈비','갈비','-','원풍갈비, 육류,고기요리','nan','-',4.35),(978,'미쓰비','쌀국수','0507-1467-2315','전북 군산시 평화길 43-1 2층','11:00 - 21:30','월',4.33),(979,'미제리베이커리','nan','070-8861-1052','전북 군산시 월명로 213 상도빌딩 1층 뒤편 미제리베이커리','08:00 - 22:00','일',0),(980,'굽네치킨 나운2호점','피자,치킨','063-465-9492','전북 군산시 부곡1길 39 유원아파트','nan','-',4.47),(981,'선유도어머니해루질회식당','회','0507-1341-7751','전북 군산시 옥도면 선유도2길 71','09:00 - 22:00','-',4.21),(982,'뻥코생곱창구이','갈비,곱창','-','뻥코생곱창구이, 곱창,막창,양','nan','-',4.24),(983,'이화찹쌀피순대','김치찌개,순대','0507-1301-3672','전북 군산시 해망로 34','08:00 - 22:00','-',4.34),(984,'김밥킹 군산미장점','nan','063-451-8836','전북 군산시 미장안길 7 김밥킹','08:30 - 20:00','일',4.33),(985,'고수닭갈비 군산점','갈비','063-471-9950','전북 군산시 동수송안길 31','11:00 - 22:00','-',4.18),(986,'신전떡볶이 조촌점','떡볶이,튀김','050-6457-3538','전북 군산시 조촌동 2-36','10:30 - 22:00','-',0),(987,'컨츄리맨','스프','-','컨츄리맨, 카페','10:30 - 21:00','-',4.62),(988,'예토아명인','삼겹살,갈비','063-452-2459','전북 군산시 임피면 서원석곡로 602','10:00 - 21:00','월',4.14),(989,'논두렁쌈밥','쌈밥','-','논두렁쌈밥, 쌈밥','12:00 - 20:00','-',4.48),(990,'전주명가콩나물국밥 군산수송점','콩나물국','0507-1435-2221','전북 군산시 수송로 241','00:00 - 24:00','-',4.21),(991,'도마 군산본점','회','070-8288-0660','전북 군산시 나운5길 16','11:00 - 22:00','일',4.41),(992,'산쪼메 군산대점','nan','-','전북 군산시 미제2길 16','11:00 - 20:30','-',4.35),(993,'술술포차','회','-','술술포차, 생선회','nan','-',4.46),(994,'미림','nan','-','미림, 한식','11:00 - 22:00','-',4.32),(995,'카페어소','스프','0507-1429-2275','전북 군산시 월명로 477 카페어소','11:00 - 20:00','수',0),(996,'정성김밥','nan','0507-1324-3866','전북 군산시 대학로 290','08:00 - 19:30','일',4.55),(997,'곱분이곱창 군산점','갈비,곱창','063-452-6664','전북 군산시 미장동 533-6','nan','-',0),(998,'양철지붕','회,곱창','063-445-2053','전북 군산시 중앙로 19 양철지붕','nan','월',4.38),(999,'술술포차','회','-','술술포차, 생선회','nan','-',4.46),(1000,'엔엔엔씨수송점','nan','010-3159-7332','전북 군산시 수송1길 30 1층 NNNC','09:00 - 23:00','-',4.25);
/*!40000 ALTER TABLE `restaurants` ENABLE KEYS */;
UNLOCK TABLES;

--
-- Table structure for table `search`
--

DROP TABLE IF EXISTS `search`;
/*!40101 SET @saved_cs_client     = @@character_set_client */;
/*!50503 SET character_set_client = utf8mb4 */;
CREATE TABLE `search` (
  `searchid` int NOT NULL AUTO_INCREMENT,
  `custid` varchar(30) NOT NULL,
  `foodname` varchar(30) NOT NULL,
  `datetime` datetime NOT NULL,
  PRIMARY KEY (`searchid`),
  KEY `foodid_idx` (`foodname`),
  KEY `custid_idx` (`custid`),
  CONSTRAINT `custid` FOREIGN KEY (`custid`) REFERENCES `customer` (`custid`) ON UPDATE CASCADE,
  CONSTRAINT `name` FOREIGN KEY (`foodname`) REFERENCES `foods` (`name`) ON UPDATE CASCADE
) ENGINE=InnoDB DEFAULT CHARSET=utf8mb4 COLLATE=utf8mb4_0900_ai_ci;
/*!40101 SET character_set_client = @saved_cs_client */;

--
-- Dumping data for table `search`
--

LOCK TABLES `search` WRITE;
/*!40000 ALTER TABLE `search` DISABLE KEYS */;
/*!40000 ALTER TABLE `search` ENABLE KEYS */;
UNLOCK TABLES;

--
-- Temporary view structure for view `vector`
--

DROP TABLE IF EXISTS `vector`;
/*!50001 DROP VIEW IF EXISTS `vector`*/;
SET @saved_cs_client     = @@character_set_client;
/*!50503 SET character_set_client = utf8mb4 */;
/*!50001 CREATE VIEW `vector` AS SELECT 
 1 AS `name`,
 1 AS `x1`,
 1 AS `x2`,
 1 AS `x3`,
 1 AS `x4`*/;
SET character_set_client = @saved_cs_client;

--
-- Final view structure for view `calc`
--

USE `DBProject`;
DROP procedure IF EXISTS `viewmaker`;

USE `DBProject`;
DROP procedure IF EXISTS `DBProject`.`viewmaker`;
;



USE `DBProject`;
DROP procedure IF EXISTS `calc`;

USE `DBProject`;
DROP procedure IF EXISTS `DBProject`.`calc`;
;



DELIMITER $$
USE `DBProject`$$
CREATE DEFINER=`dizest`@`%` PROCEDURE `calc`(n1 float, n2 float, n3 float, n4 float)
BEGIN
select name, (n1*x1 + n2*x2 + n3*x3 + n4*x4)
			/(sqrt(pow(n1, 2)+pow(n2, 2)+pow(n3, 2)+pow(n4, 2))*sqrt(pow(x1, 2)+pow(x2, 2)+pow(x3, 2)+pow(x4, 2))) norm 
        from vector order by norm desc;
END$$

DELIMITER ;
;




DELIMITER $$
USE `DBProject`$$
CREATE DEFINER=`dizest`@`%` PROCEDURE `viewmaker`()
BEGIN
drop view IF EXISTS calc; -- 뷰 제거
CREATE VIEW calc
AS select max(water) xw , min(water) nw , max(Sugar) xsw, min(Sugar) nsw, max(Na) xsa, min(Na) nsa, max(spicy) xsp, min(spicy) nsp 
from foods;	-- 뷰 생성, 데이터 정규화


drop view IF EXISTS vector; -- 뷰 제거
CREATE VIEW vector -- 뷰 생성, 벡터값
as select name, (water-(select nw from calc))/(select xw-nw from calc)*10 x1,
			(Sugar-(select nsw from calc))/(select xsw-nsw from calc)*10 x2,
			(Na-(select nsa from calc))/(select xsa-nsa from calc)*10 x3,
			(spicy-(select nsp from calc))/(select xsp-nsp from calc)*10 x4 from foods;
END$$

DELIMITER ;
;



/*!50001 DROP VIEW IF EXISTS `calc`*/;
/*!50001 SET @saved_cs_client          = @@character_set_client */;
/*!50001 SET @saved_cs_results         = @@character_set_results */;
/*!50001 SET @saved_col_connection     = @@collation_connection */;
/*!50001 SET character_set_client      = utf8mb4 */;
/*!50001 SET character_set_results     = utf8mb4 */;
/*!50001 SET collation_connection      = utf8mb4_0900_ai_ci */;
/*!50001 CREATE ALGORITHM=UNDEFINED */
/*!50013 DEFINER=`dizest`@`%` SQL SECURITY DEFINER */
/*!50001 VIEW `calc` AS select max(`foods`.`water`) AS `xw`,min(`foods`.`water`) AS `nw`,max(`foods`.`Sugar`) AS `xsw`,min(`foods`.`Sugar`) AS `nsw`,max(`foods`.`Na`) AS `xsa`,min(`foods`.`Na`) AS `nsa`,max(`foods`.`spicy`) AS `xsp`,min(`foods`.`spicy`) AS `nsp` from `foods` */;
/*!50001 SET character_set_client      = @saved_cs_client */;
/*!50001 SET character_set_results     = @saved_cs_results */;
/*!50001 SET collation_connection      = @saved_col_connection */;

--
-- Final view structure for view `vector`
--

/*!50001 DROP VIEW IF EXISTS `vector`*/;
/*!50001 SET @saved_cs_client          = @@character_set_client */;
/*!50001 SET @saved_cs_results         = @@character_set_results */;
/*!50001 SET @saved_col_connection     = @@collation_connection */;
/*!50001 SET character_set_client      = utf8mb4 */;
/*!50001 SET character_set_results     = utf8mb4 */;
/*!50001 SET collation_connection      = utf8mb4_0900_ai_ci */;
/*!50001 CREATE ALGORITHM=UNDEFINED */
/*!50013 DEFINER=`dizest`@`%` SQL SECURITY DEFINER */
/*!50001 VIEW `vector` AS select `foods`.`name` AS `name`,(((`foods`.`water` - (select `calc`.`nw` from `calc`)) / (select (`calc`.`xw` - `calc`.`nw`) from `calc`)) * 10) AS `x1`,(((`foods`.`Sugar` - (select `calc`.`nsw` from `calc`)) / (select (`calc`.`xsw` - `calc`.`nsw`) from `calc`)) * 10) AS `x2`,(((`foods`.`Na` - (select `calc`.`nsa` from `calc`)) / (select (`calc`.`xsa` - `calc`.`nsa`) from `calc`)) * 10) AS `x3`,(((`foods`.`spicy` - (select `calc`.`nsp` from `calc`)) / (select (`calc`.`xsp` - `calc`.`nsp`) from `calc`)) * 10) AS `x4` from `foods` */;
/*!50001 SET character_set_client      = @saved_cs_client */;
/*!50001 SET character_set_results     = @saved_cs_results */;
/*!50001 SET collation_connection      = @saved_col_connection */;
/*!40103 SET TIME_ZONE=@OLD_TIME_ZONE */;

/*!40101 SET SQL_MODE=@OLD_SQL_MODE */;
/*!40014 SET FOREIGN_KEY_CHECKS=@OLD_FOREIGN_KEY_CHECKS */;
/*!40014 SET UNIQUE_CHECKS=@OLD_UNIQUE_CHECKS */;
/*!40101 SET CHARACTER_SET_CLIENT=@OLD_CHARACTER_SET_CLIENT */;
/*!40101 SET CHARACTER_SET_RESULTS=@OLD_CHARACTER_SET_RESULTS */;
/*!40101 SET COLLATION_CONNECTION=@OLD_COLLATION_CONNECTION */;
/*!40111 SET SQL_NOTES=@OLD_SQL_NOTES */;

-- Dump completed on 2022-12-07 17:12:09
